iterations,voters,mean,mean_bucket,std,std_bucket,simple_majority_optimal,minority_decisiveness_optimal,non_tyrannic_minority_decisiveness_optimal,majority_tyranny_optimal,minority_tyranny_optimal,expert_tyranny_optimal,minority_colluding,optimal_correct,majority_correct,expert_correct,compromise_minority_correct,compromose_strongmajority_correct,optimal_agrees_majority,compromise_minority_agrees_majority,compromise_minority_agrees_optimal,compromose_strongmajority_agrees_majority,compromose_strongmajority_agrees_optimal
1000,3,0.5,,0.02,,0.357,0.643,0,0.643,0.643,0.643,1,0.528,0.527,0.519,0.528,0.528,0.839,0.839,1,0.839,1
1000,3,0.5,,0.03,,0.351,0.649,0,0.649,0.649,0.649,1,0.516,0.532,0.529,0.516,0.516,0.826,0.826,1,0.826,1
1000,3,0.5,,0.04,,0.345,0.655,0,0.655,0.655,0.655,1,0.565,0.551,0.56,0.565,0.565,0.848,0.848,1,0.848,1
1000,3,0.5,,0.06,,0.318,0.682,0,0.682,0.682,0.682,1,0.613,0.589,0.61,0.613,0.613,0.854,0.854,1,0.854,1
1000,3,0.5,,0.07,,0.357,0.643,0,0.643,0.643,0.643,1,0.606,0.585,0.592,0.606,0.606,0.837,0.837,1,0.837,1
1000,3,0.5,,0.08,,0.331,0.669,0,0.669,0.669,0.669,1,0.621,0.577,0.608,0.621,0.621,0.818,0.818,1,0.818,1
1000,3,0.5,,0.1,,0.339,0.661,0,0.661,0.661,0.661,1,0.637,0.619,0.632,0.637,0.637,0.838,0.838,1,0.838,1
1000,3,0.5,,0.11,,0.326,0.674,0,0.674,0.674,0.674,1,0.672,0.638,0.658,0.672,0.672,0.842,0.842,1,0.842,1
1000,3,0.5,,0.12,,0.311,0.689,0,0.689,0.689,0.689,1,0.665,0.663,0.661,0.665,0.665,0.85,0.85,1,0.85,1
1000,3,0.55,,0.02,,0.783,0.217,0,0.217,0.217,0.217,1,0.578,0.582,0.574,0.578,0.578,0.954,0.954,1,0.954,1
1000,3,0.55,,0.03,,0.624,0.376,0,0.376,0.376,0.376,1,0.596,0.593,0.594,0.596,0.596,0.895,0.895,1,0.895,1
1000,3,0.55,,0.04,,0.519,0.481,0,0.481,0.481,0.481,1,0.587,0.573,0.588,0.587,0.587,0.878,0.878,1,0.878,1
1000,3,0.55,,0.06,,0.4,0.6,0,0.6,0.6,0.6,1,0.646,0.631,0.63,0.646,0.646,0.853,0.853,1,0.853,1
1000,3,0.55,,0.07,,0.423,0.577,0,0.577,0.577,0.577,1,0.631,0.629,0.611,0.631,0.631,0.866,0.866,1,0.866,1
1000,3,0.55,,0.08,,0.403,0.597,0,0.597,0.597,0.597,1,0.659,0.645,0.643,0.659,0.659,0.834,0.834,1,0.834,1
1000,3,0.55,,0.1,,0.358,0.642,0,0.642,0.642,0.642,1,0.674,0.643,0.688,0.674,0.674,0.849,0.849,1,0.849,1
1000,3,0.55,,0.11,,0.361,0.639,0,0.639,0.639,0.639,1,0.676,0.663,0.663,0.676,0.676,0.851,0.851,1,0.851,1
1000,3,0.55,,0.12,,0.366,0.634,0,0.634,0.634,0.634,1,0.696,0.69,0.684,0.696,0.696,0.868,0.868,1,0.868,1
1000,3,0.6,,0.02,,0.992,0.008,0,0.008,0.008,0.008,1,0.631,0.631,0.601,0.631,0.631,0.998,0.998,1,0.998,1
1000,3,0.6,,0.03,,0.914,0.086,0,0.086,0.086,0.086,1,0.674,0.672,0.653,0.674,0.674,0.982,0.982,1,0.982,1
1000,3,0.6,,0.04,,0.796,0.204,0,0.204,0.204,0.204,1,0.664,0.669,0.641,0.664,0.664,0.943,0.943,1,0.943,1
1000,3,0.6,,0.06,,0.581,0.419,0,0.419,0.419,0.419,1,0.678,0.659,0.655,0.678,0.678,0.907,0.907,1,0.907,1
1000,3,0.6,,0.07,,0.54,0.46,0,0.46,0.46,0.46,1,0.656,0.659,0.632,0.656,0.656,0.895,0.895,1,0.895,1
1000,3,0.6,,0.08,,0.477,0.523,0,0.523,0.523,0.523,1,0.669,0.656,0.666,0.669,0.669,0.877,0.877,1,0.877,1
1000,3,0.6,,0.1,,0.457,0.543,0,0.543,0.543,0.543,1,0.707,0.685,0.69,0.707,0.707,0.868,0.868,1,0.868,1
1000,3,0.6,,0.11,,0.422,0.578,0,0.578,0.578,0.578,1,0.733,0.706,0.718,0.733,0.733,0.881,0.881,1,0.881,1
1000,3,0.6,,0.12,,0.379,0.621,0,0.621,0.621,0.621,1,0.731,0.7,0.722,0.731,0.731,0.863,0.863,1,0.863,1
1000,3,0.7,,0.02,,1,0,0,0,0,0,1,0.759,0.759,0.703,0.759,0.759,1,1,1,1,1
1000,3,0.7,,0.03,,0.999,0.001,0,0.001,0.001,0.001,1,0.76,0.759,0.716,0.76,0.76,0.999,0.999,1,0.999,1
1000,3,0.7,,0.04,,0.983,0.017,0,0.017,0.017,0.017,1,0.768,0.767,0.715,0.768,0.768,0.997,0.997,1,0.997,1
1000,3,0.7,,0.06,,0.86,0.14,0,0.14,0.14,0.14,1,0.78,0.772,0.736,0.78,0.78,0.97,0.97,1,0.97,1
1000,3,0.7,,0.07,,0.787,0.213,0,0.213,0.213,0.213,1,0.794,0.787,0.738,0.794,0.794,0.967,0.967,1,0.967,1
1000,3,0.7,,0.08,,0.696,0.304,0,0.304,0.304,0.304,1,0.804,0.789,0.782,0.804,0.804,0.959,0.959,1,0.959,1
1000,3,0.7,,0.1,,0.591,0.409,0,0.409,0.409,0.409,1,0.808,0.789,0.78,0.808,0.808,0.933,0.933,1,0.933,1
1000,3,0.7,,0.11,,0.547,0.453,0,0.453,0.453,0.453,1,0.812,0.788,0.782,0.812,0.812,0.916,0.916,1,0.916,1
1000,3,0.7,,0.12,,0.493,0.507,0,0.507,0.507,0.507,1,0.822,0.786,0.801,0.822,0.822,0.906,0.906,1,0.906,1
1000,3,0.75,,0.02,,1,0,0,0,0,0,1,0.848,0.848,0.763,0.848,0.848,1,1,1,1,1
1000,3,0.75,,0.03,,1,0,0,0,0,0,1,0.837,0.837,0.776,0.837,0.837,1,1,1,1,1
1000,3,0.75,,0.04,,0.997,0.003,0,0.003,0.003,0.003,1,0.841,0.84,0.79,0.841,0.841,0.999,0.999,1,0.999,1
1000,3,0.75,,0.06,,0.914,0.086,0,0.086,0.086,0.086,1,0.848,0.852,0.785,0.848,0.848,0.98,0.98,1,0.98,1
1000,3,0.75,,0.07,,0.855,0.145,0,0.145,0.145,0.145,1,0.856,0.848,0.807,0.856,0.856,0.98,0.98,1,0.98,1
1000,3,0.75,,0.08,,0.77,0.23,0,0.23,0.23,0.23,1,0.859,0.859,0.838,0.859,0.859,0.968,0.968,1,0.968,1
1000,3,0.75,,0.1,,0.652,0.348,0,0.348,0.348,0.348,1,0.874,0.856,0.848,0.874,0.874,0.956,0.956,1,0.956,1
1000,3,0.75,,0.11,,0.625,0.375,0,0.375,0.375,0.375,1,0.876,0.864,0.845,0.876,0.876,0.942,0.942,1,0.942,1
1000,3,0.75,,0.12,,0.55,0.45,0,0.45,0.45,0.45,1,0.859,0.841,0.845,0.859,0.859,0.938,0.938,1,0.938,1
1000,3,0.8,,0.02,,1,0,0,0,0,0,1,0.901,0.901,0.812,0.901,0.901,1,1,1,1,1
1000,3,0.8,,0.03,,1,0,0,0,0,0,1,0.892,0.892,0.821,0.892,0.892,1,1,1,1,1
1000,3,0.8,,0.04,,0.999,0.001,0,0.001,0.001,0.001,1,0.903,0.903,0.844,0.903,0.903,1,1,1,1,1
1000,3,0.8,,0.06,,0.953,0.047,0,0.047,0.047,0.047,1,0.907,0.908,0.86,0.907,0.907,0.997,0.997,1,0.997,1
1000,3,0.8,,0.07,,0.874,0.126,0,0.126,0.126,0.126,1,0.904,0.902,0.856,0.904,0.904,0.992,0.992,1,0.992,1
1000,3,0.8,,0.08,,0.794,0.206,0,0.206,0.206,0.206,1,0.914,0.901,0.852,0.914,0.914,0.979,0.979,1,0.979,1
1000,3,0.8,,0.1,,0.723,0.277,0,0.277,0.277,0.277,1,0.89,0.89,0.864,0.89,0.89,0.974,0.974,1,0.974,1
1000,3,0.8,,0.11,,0.655,0.345,0,0.345,0.345,0.345,1,0.91,0.91,0.881,0.91,0.91,0.972,0.972,1,0.972,1
1000,3,0.8,,0.12,,0.62,0.38,0,0.38,0.38,0.38,1,0.886,0.876,0.881,0.886,0.886,0.95,0.95,1,0.95,1
1000,3,0.9,,0.02,,1,0,0,0,0,0,1,0.965,0.965,0.917,0.965,0.965,1,1,1,1,1
1000,3,0.9,,0.03,,0.99,0.01,0,0.01,0.01,0.01,1,0.956,0.958,0.906,0.956,0.956,0.998,0.998,1,0.998,1
1000,3,0.9,,0.04,,0.968,0.032,0,0.032,0.032,0.032,1,0.977,0.977,0.942,0.977,0.977,1,1,1,1,1
1000,3,0.9,,0.06,,0.885,0.115,0,0.115,0.115,0.115,1,0.974,0.97,0.934,0.974,0.974,0.996,0.996,1,0.996,1
1000,3,0.9,,0.07,,0.843,0.157,0,0.157,0.157,0.157,1,0.957,0.954,0.929,0.957,0.957,0.993,0.993,1,0.993,1
1000,3,0.9,,0.08,,0.831,0.169,0,0.169,0.169,0.169,1,0.963,0.961,0.938,0.963,0.963,0.996,0.996,1,0.996,1
1000,3,0.9,,0.1,,0.756,0.244,0,0.244,0.244,0.244,1,0.953,0.953,0.928,0.953,0.953,0.984,0.984,1,0.984,1
1000,3,0.9,,0.11,,0.736,0.264,0,0.264,0.264,0.264,1,0.953,0.952,0.938,0.953,0.953,0.983,0.983,1,0.983,1
1000,3,0.9,,0.12,,0.666,0.334,0,0.334,0.334,0.334,1,0.958,0.951,0.928,0.958,0.958,0.979,0.979,1,0.979,1
1000,3,0.95,,0.02,,0.991,0.009,0,0.009,0.009,0.009,1,0.992,0.992,0.954,0.992,0.992,1,1,1,1,1
1000,3,0.95,,0.03,,0.967,0.033,0,0.033,0.033,0.033,1,0.986,0.985,0.965,0.986,0.986,0.999,0.999,1,0.999,1
1000,3,0.95,,0.04,,0.938,0.062,0,0.062,0.062,0.062,1,0.991,0.991,0.969,0.991,0.991,1,1,1,1,1
1000,3,0.95,,0.06,,0.878,0.122,0,0.122,0.122,0.122,1,0.982,0.982,0.957,0.982,0.982,1,1,1,1,1
1000,3,0.95,,0.07,,0.855,0.145,0,0.145,0.145,0.145,1,0.974,0.975,0.964,0.974,0.974,0.999,0.999,1,0.999,1
1000,3,0.95,,0.08,,0.861,0.139,0,0.139,0.139,0.139,1,0.981,0.979,0.961,0.981,0.981,0.994,0.994,1,0.994,1
1000,3,0.95,,0.1,,0.777,0.223,0,0.223,0.223,0.223,1,0.974,0.97,0.959,0.974,0.974,0.992,0.992,1,0.992,1
1000,3,0.95,,0.11,,0.745,0.255,0,0.255,0.255,0.255,1,0.964,0.957,0.959,0.964,0.964,0.989,0.989,1,0.989,1
1000,3,0.95,,0.12,,0.732,0.268,0,0.268,0.268,0.268,1,0.967,0.96,0.951,0.967,0.967,0.981,0.981,1,0.981,1
1000,3,1,,0.02,,0.974,0.026,0,0.026,0.026,0.026,1,0.998,0.998,0.992,0.998,0.998,1,1,1,1,1
1000,3,1,,0.03,,0.96,0.04,0,0.04,0.04,0.04,1,1,1,0.992,1,1,1,1,1,1,1
1000,3,1,,0.04,,0.942,0.058,0,0.058,0.058,0.058,1,0.999,0.999,0.985,0.999,0.999,1,1,1,1,1
1000,3,1,,0.06,,0.904,0.096,0,0.096,0.096,0.096,1,0.997,0.996,0.983,0.997,0.997,0.999,0.999,1,0.999,1
1000,3,1,,0.07,,0.877,0.123,0,0.123,0.123,0.123,1,0.994,0.993,0.979,0.994,0.994,0.999,0.999,1,0.999,1
1000,3,1,,0.08,,0.845,0.155,0,0.155,0.155,0.155,1,0.988,0.987,0.978,0.988,0.988,0.999,0.999,1,0.999,1
1000,3,1,,0.1,,0.806,0.194,0,0.194,0.194,0.194,1,0.991,0.989,0.975,0.991,0.991,0.994,0.994,1,0.994,1
1000,3,1,,0.11,,0.772,0.228,0,0.228,0.228,0.228,1,0.983,0.982,0.973,0.983,0.983,0.999,0.999,1,0.999,1
1000,3,1,,0.12,,0.765,0.235,0,0.235,0.235,0.235,1,0.974,0.973,0.968,0.974,0.974,0.987,0.987,1,0.987,1
1000,5,0.5,,0.02,,0.023,0.977,0.838,0.554,0.139,0.139,0.518,0.532,0.504,0.527,0.517,0.531,0.818,0.937,0.881,0.827,0.991
1000,5,0.5,,0.03,,0.015,0.985,0.84,0.569,0.145,0.145,0.503,0.569,0.555,0.559,0.559,0.569,0.834,0.94,0.894,0.846,0.988
1000,5,0.5,,0.04,,0.031,0.969,0.803,0.557,0.166,0.166,0.531,0.573,0.568,0.566,0.564,0.573,0.819,0.94,0.879,0.831,0.988
1000,5,0.5,,0.06,,0.015,0.985,0.821,0.591,0.164,0.164,0.514,0.61,0.588,0.599,0.599,0.61,0.828,0.945,0.883,0.832,0.996
1000,5,0.5,,0.07,,0.022,0.978,0.831,0.583,0.147,0.147,0.513,0.634,0.606,0.605,0.612,0.633,0.832,0.942,0.89,0.841,0.991
1000,5,0.5,,0.08,,0.022,0.978,0.833,0.557,0.145,0.145,0.537,0.65,0.615,0.632,0.628,0.642,0.813,0.945,0.868,0.823,0.99
1000,5,0.5,,0.1,,0.023,0.977,0.826,0.564,0.151,0.151,0.546,0.666,0.672,0.641,0.673,0.668,0.818,0.943,0.875,0.828,0.99
1000,5,0.5,,0.11,,0.022,0.978,0.806,0.576,0.172,0.172,0.531,0.704,0.683,0.687,0.697,0.702,0.835,0.956,0.879,0.843,0.992
1000,5,0.5,,0.12,,0.025,0.975,0.794,0.569,0.181,0.181,0.553,0.707,0.668,0.677,0.686,0.707,0.827,0.938,0.889,0.837,0.99
1000,5,0.55,,0.02,,0.316,0.684,0.684,0.143,0,0,0.495,0.601,0.599,0.585,0.596,0.601,0.912,0.953,0.959,0.912,1
1000,5,0.55,,0.03,,0.113,0.887,0.864,0.327,0.023,0.023,0.507,0.612,0.592,0.594,0.606,0.61,0.866,0.948,0.918,0.868,0.998
1000,5,0.55,,0.04,,0.074,0.926,0.886,0.403,0.04,0.04,0.503,0.611,0.589,0.621,0.602,0.608,0.874,0.947,0.927,0.877,0.997
1000,5,0.55,,0.06,,0.04,0.96,0.878,0.455,0.082,0.082,0.519,0.631,0.605,0.619,0.619,0.63,0.862,0.954,0.908,0.867,0.995
1000,5,0.55,,0.07,,0.041,0.959,0.871,0.487,0.088,0.088,0.53,0.692,0.659,0.669,0.671,0.695,0.839,0.944,0.895,0.846,0.993
1000,5,0.55,,0.08,,0.042,0.958,0.858,0.496,0.1,0.1,0.528,0.714,0.677,0.678,0.692,0.715,0.831,0.935,0.896,0.84,0.991
1000,5,0.55,,0.1,,0.028,0.972,0.845,0.54,0.127,0.127,0.552,0.719,0.711,0.711,0.716,0.723,0.864,0.951,0.913,0.87,0.994
1000,5,0.55,,0.11,,0.033,0.967,0.826,0.513,0.141,0.141,0.571,0.737,0.71,0.701,0.727,0.737,0.865,0.949,0.916,0.869,0.996
1000,5,0.55,,0.12,,0.031,0.969,0.837,0.526,0.132,0.132,0.565,0.766,0.719,0.726,0.744,0.764,0.849,0.953,0.896,0.861,0.988
1000,5,0.6,,0.02,,0.875,0.125,0.125,0,0,0,0.491,0.671,0.675,0.629,0.671,0.671,0.99,0.99,1,0.99,1
1000,5,0.6,,0.03,,0.515,0.485,0.485,0.046,0,0,0.556,0.686,0.682,0.642,0.683,0.686,0.956,0.971,0.985,0.956,1
1000,5,0.6,,0.04,,0.261,0.739,0.737,0.141,0.002,0.002,0.532,0.703,0.704,0.664,0.704,0.703,0.921,0.954,0.967,0.921,1
1000,5,0.6,,0.06,,0.097,0.903,0.89,0.319,0.013,0.013,0.572,0.717,0.709,0.652,0.717,0.717,0.888,0.95,0.938,0.888,1
1000,5,0.6,,0.07,,0.108,0.892,0.863,0.381,0.029,0.029,0.565,0.721,0.703,0.686,0.715,0.72,0.91,0.952,0.958,0.911,0.999
1000,5,0.6,,0.08,,0.071,0.929,0.882,0.418,0.047,0.047,0.566,0.739,0.723,0.686,0.735,0.736,0.884,0.948,0.936,0.887,0.997
1000,5,0.6,,0.1,,0.058,0.942,0.856,0.47,0.086,0.086,0.582,0.755,0.709,0.716,0.732,0.752,0.854,0.943,0.911,0.861,0.993
1000,5,0.6,,0.11,,0.053,0.947,0.851,0.481,0.096,0.096,0.579,0.753,0.739,0.729,0.745,0.754,0.876,0.95,0.926,0.879,0.997
1000,5,0.6,,0.12,,0.037,0.963,0.866,0.489,0.097,0.097,0.6,0.796,0.759,0.778,0.782,0.795,0.895,0.961,0.934,0.902,0.993
1000,5,0.7,,0.02,,1,0,0,0,0,0,0.583,0.826,0.826,0.72,0.826,0.826,1,1,1,1,1
1000,5,0.7,,0.03,,0.962,0.038,0.038,0,0,0,0.571,0.849,0.849,0.731,0.849,0.849,0.998,0.998,1,0.998,1
1000,5,0.7,,0.04,,0.824,0.176,0.176,0.006,0,0,0.6,0.835,0.834,0.76,0.837,0.835,0.993,0.995,0.998,0.993,1
1000,5,0.7,,0.06,,0.408,0.592,0.592,0.077,0,0,0.624,0.837,0.832,0.784,0.839,0.837,0.951,0.967,0.984,0.951,1
1000,5,0.7,,0.07,,0.284,0.716,0.714,0.151,0.002,0.002,0.634,0.843,0.821,0.798,0.832,0.843,0.952,0.979,0.973,0.952,1
1000,5,0.7,,0.08,,0.215,0.785,0.78,0.189,0.005,0.005,0.641,0.851,0.842,0.792,0.844,0.851,0.941,0.97,0.971,0.941,1
1000,5,0.7,,0.1,,0.127,0.873,0.839,0.297,0.034,0.034,0.668,0.874,0.856,0.827,0.864,0.872,0.934,0.974,0.96,0.936,0.998
1000,5,0.7,,0.11,,0.106,0.894,0.849,0.344,0.045,0.045,0.657,0.862,0.838,0.838,0.847,0.863,0.924,0.971,0.953,0.927,0.997
1000,5,0.7,,0.12,,0.075,0.925,0.861,0.364,0.064,0.064,0.692,0.874,0.856,0.835,0.872,0.874,0.928,0.962,0.966,0.93,0.998
1000,5,0.75,,0.02,,1,0,0,0,0,0,0.65,0.9,0.9,0.761,0.9,0.9,1,1,1,1,1
1000,5,0.75,,0.03,,0.989,0.011,0.011,0,0,0,0.639,0.906,0.906,0.795,0.906,0.906,1,1,1,1,1
1000,5,0.75,,0.04,,0.887,0.113,0.113,0.002,0,0,0.659,0.911,0.91,0.776,0.911,0.911,0.995,0.995,1,0.995,1
1000,5,0.75,,0.06,,0.548,0.452,0.452,0.04,0,0,0.69,0.901,0.9,0.825,0.9,0.901,0.989,0.994,0.995,0.989,1
1000,5,0.75,,0.07,,0.386,0.614,0.614,0.079,0,0,0.667,0.922,0.907,0.835,0.918,0.922,0.979,0.989,0.99,0.979,1
1000,5,0.75,,0.08,,0.274,0.726,0.724,0.119,0.002,0.002,0.668,0.898,0.887,0.831,0.895,0.898,0.957,0.976,0.981,0.957,1
1000,5,0.75,,0.1,,0.15,0.85,0.818,0.243,0.032,0.032,0.731,0.914,0.889,0.866,0.91,0.914,0.949,0.969,0.98,0.949,1
1000,5,0.75,,0.11,,0.114,0.886,0.851,0.281,0.035,0.035,0.738,0.902,0.871,0.856,0.884,0.902,0.937,0.969,0.968,0.937,1
1000,5,0.75,,0.12,,0.096,0.904,0.855,0.317,0.049,0.049,0.743,0.925,0.901,0.869,0.918,0.925,0.942,0.971,0.971,0.942,1
1000,5,0.8,,0.02,,1,0,0,0,0,0,0.709,0.94,0.94,0.805,0.94,0.94,1,1,1,1,1
1000,5,0.8,,0.03,,0.994,0.006,0.006,0,0,0,0.725,0.935,0.935,0.84,0.935,0.935,1,1,1,1,1
1000,5,0.8,,0.04,,0.935,0.065,0.065,0.001,0,0,0.703,0.936,0.935,0.844,0.936,0.936,0.997,0.997,1,0.997,1
1000,5,0.8,,0.06,,0.604,0.396,0.396,0.034,0,0,0.747,0.94,0.933,0.869,0.937,0.94,0.989,0.994,0.995,0.989,1
1000,5,0.8,,0.07,,0.447,0.553,0.551,0.057,0.002,0.002,0.765,0.946,0.941,0.896,0.941,0.946,0.989,0.994,0.995,0.989,1
1000,5,0.8,,0.08,,0.357,0.643,0.637,0.082,0.006,0.006,0.768,0.946,0.943,0.887,0.945,0.946,0.977,0.988,0.989,0.977,1
1000,5,0.8,,0.1,,0.187,0.813,0.788,0.196,0.025,0.025,0.762,0.945,0.933,0.894,0.94,0.945,0.97,0.981,0.989,0.97,1
1000,5,0.8,,0.11,,0.15,0.85,0.827,0.241,0.023,0.023,0.785,0.941,0.939,0.888,0.939,0.941,0.97,0.984,0.986,0.972,0.998
1000,5,0.8,,0.12,,0.106,0.894,0.859,0.276,0.035,0.035,0.792,0.955,0.937,0.918,0.947,0.955,0.958,0.98,0.978,0.958,1
1000,5,0.9,,0.02,,1,0,0,0,0,0,0.843,0.991,0.991,0.931,0.991,0.991,1,1,1,1,1
1000,5,0.9,,0.03,,0.956,0.044,0.044,0.003,0,0,0.86,0.992,0.992,0.928,0.992,0.992,1,1,1,1,1
1000,5,0.9,,0.04,,0.838,0.162,0.162,0.007,0,0,0.866,0.995,0.993,0.94,0.994,0.995,0.998,0.999,0.999,0.998,1
1000,5,0.9,,0.06,,0.512,0.488,0.486,0.05,0.002,0.002,0.872,0.991,0.989,0.959,0.991,0.991,0.996,0.996,1,0.996,1
1000,5,0.9,,0.07,,0.435,0.565,0.562,0.045,0.003,0.003,0.88,0.989,0.986,0.965,0.988,0.989,0.995,0.998,0.997,0.995,1
1000,5,0.9,,0.08,,0.35,0.65,0.645,0.092,0.005,0.005,0.923,0.988,0.983,0.965,0.985,0.988,0.995,0.998,0.997,0.995,1
1000,5,0.9,,0.1,,0.253,0.747,0.741,0.126,0.006,0.006,0.885,0.987,0.985,0.958,0.988,0.987,0.994,0.997,0.997,0.994,1
1000,5,0.9,,0.11,,0.203,0.797,0.788,0.141,0.009,0.009,0.882,0.98,0.971,0.957,0.976,0.98,0.985,0.993,0.992,0.985,1
1000,5,0.9,,0.12,,0.175,0.825,0.812,0.157,0.013,0.013,0.867,0.983,0.979,0.956,0.982,0.983,0.988,0.995,0.993,0.988,1
1000,5,0.95,,0.02,,0.956,0.044,0.044,0.002,0,0,0.937,0.998,0.998,0.967,0.998,0.998,1,1,1,1,1
1000,5,0.95,,0.03,,0.765,0.235,0.235,0.016,0,0,0.938,0.999,0.999,0.974,0.999,0.999,1,1,1,1,1
1000,5,0.95,,0.04,,0.659,0.341,0.341,0.038,0,0,0.945,0.998,0.998,0.976,0.998,0.998,1,1,1,1,1
1000,5,0.95,,0.06,,0.471,0.529,0.526,0.055,0.003,0.003,0.932,0.995,0.994,0.975,0.994,0.995,0.997,0.998,0.999,0.997,1
1000,5,0.95,,0.07,,0.415,0.585,0.581,0.064,0.004,0.004,0.926,0.997,0.998,0.981,0.997,0.997,0.997,0.999,0.998,0.997,1
1000,5,0.95,,0.08,,0.374,0.626,0.624,0.067,0.002,0.002,0.929,0.998,0.995,0.971,0.998,0.998,0.997,0.997,1,0.997,1
1000,5,0.95,,0.1,,0.265,0.735,0.729,0.114,0.006,0.006,0.924,0.992,0.99,0.968,0.991,0.992,0.996,0.997,0.999,0.996,1
1000,5,0.95,,0.11,,0.222,0.778,0.771,0.121,0.007,0.007,0.921,0.995,0.995,0.979,0.995,0.995,1,1,1,1,1
1000,5,0.95,,0.12,,0.211,0.789,0.785,0.133,0.004,0.004,0.904,0.988,0.983,0.965,0.987,0.988,0.991,0.994,0.997,0.991,1
1000,5,1,,0.02,,0.761,0.239,0.239,0.018,0,0,0.992,1,1,0.997,1,1,1,1,1,1,1
1000,5,1,,0.03,,0.652,0.348,0.348,0.019,0,0,0.984,1,1,0.993,1,1,1,1,1,1,1
1000,5,1,,0.04,,0.591,0.409,0.409,0.023,0,0,0.984,0.996,0.996,0.991,0.996,0.996,1,1,1,1,1
1000,5,1,,0.06,,0.5,0.5,0.5,0.037,0,0,0.958,1,1,0.99,1,1,1,1,1,1,1
1000,5,1,,0.07,,0.439,0.561,0.56,0.056,0.001,0.001,0.953,0.997,0.997,0.982,0.997,0.997,1,1,1,1,1
1000,5,1,,0.08,,0.391,0.609,0.608,0.055,0.001,0.001,0.958,1,1,0.99,1,1,1,1,1,1,1
1000,5,1,,0.1,,0.313,0.687,0.686,0.086,0.001,0.001,0.934,0.996,0.993,0.976,0.996,0.996,0.997,0.997,1,0.997,1
1000,5,1,,0.11,,0.263,0.737,0.73,0.106,0.007,0.007,0.93,0.995,0.996,0.981,0.995,0.995,0.999,0.999,1,0.999,1
1000,5,1,,0.12,,0.245,0.755,0.749,0.119,0.006,0.006,0.922,0.997,0.997,0.982,0.997,0.997,0.998,0.998,1,0.998,1
1000,7,0.5,,0.02,,0.001,0.999,0.962,0.315,0.037,0.016,0.271,0.547,0.538,0.53,0.543,0.544,0.809,0.975,0.834,0.822,0.987
1000,7,0.5,,0.03,,0,1,0.961,0.341,0.039,0.02,0.268,0.575,0.574,0.566,0.574,0.571,0.795,0.986,0.809,0.819,0.976
1000,7,0.5,,0.04,,0,1,0.954,0.359,0.046,0.03,0.276,0.595,0.586,0.572,0.589,0.596,0.823,0.985,0.838,0.84,0.983
1000,7,0.5,,0.06,,0,1,0.957,0.368,0.043,0.024,0.237,0.626,0.617,0.559,0.621,0.624,0.811,0.982,0.829,0.825,0.986
1000,7,0.5,,0.07,,0,1,0.951,0.358,0.049,0.026,0.269,0.649,0.614,0.623,0.614,0.643,0.841,0.988,0.853,0.861,0.98
1000,7,0.5,,0.08,,0.001,0.999,0.952,0.347,0.047,0.022,0.265,0.683,0.656,0.653,0.658,0.683,0.829,0.99,0.839,0.849,0.98
1000,7,0.5,,0.1,,0,1,0.954,0.368,0.046,0.03,0.297,0.699,0.662,0.654,0.668,0.697,0.819,0.988,0.831,0.845,0.974
1000,7,0.5,,0.11,,0,1,0.938,0.354,0.062,0.044,0.332,0.72,0.686,0.695,0.696,0.719,0.82,0.986,0.834,0.839,0.981
1000,7,0.5,,0.12,,0.001,0.999,0.927,0.368,0.072,0.043,0.327,0.741,0.696,0.718,0.694,0.736,0.829,0.984,0.845,0.856,0.973
1000,7,0.55,,0.02,,0.039,0.961,0.961,0.054,0,0,0.267,0.594,0.59,0.572,0.586,0.594,0.904,0.982,0.922,0.906,0.998
1000,7,0.55,,0.03,,0.011,0.989,0.988,0.161,0.001,0,0.262,0.612,0.585,0.596,0.586,0.614,0.869,0.983,0.886,0.875,0.994
1000,7,0.55,,0.04,,0.002,0.998,0.988,0.197,0.01,0.002,0.265,0.659,0.65,0.625,0.656,0.655,0.863,0.978,0.885,0.867,0.996
1000,7,0.55,,0.06,,0.004,0.996,0.984,0.263,0.012,0.004,0.294,0.676,0.652,0.648,0.66,0.675,0.866,0.986,0.88,0.877,0.989
1000,7,0.55,,0.07,,0.002,0.998,0.974,0.295,0.024,0.007,0.283,0.667,0.631,0.63,0.636,0.67,0.828,0.979,0.849,0.839,0.989
1000,7,0.55,,0.08,,0.001,0.999,0.971,0.282,0.028,0.012,0.302,0.709,0.638,0.693,0.655,0.706,0.821,0.975,0.846,0.832,0.989
1000,7,0.55,,0.1,,0.001,0.999,0.969,0.294,0.03,0.014,0.332,0.742,0.694,0.695,0.703,0.739,0.826,0.979,0.847,0.845,0.981
1000,7,0.55,,0.11,,0.003,0.997,0.97,0.307,0.027,0.013,0.34,0.785,0.715,0.747,0.727,0.79,0.828,0.986,0.842,0.847,0.981
1000,7,0.55,,0.12,,0.001,0.999,0.956,0.336,0.043,0.027,0.356,0.783,0.725,0.75,0.736,0.778,0.85,0.983,0.867,0.865,0.985
1000,7,0.6,,0.02,,0.511,0.489,0.489,0,0,0,0.296,0.706,0.706,0.633,0.708,0.706,0.988,0.996,0.992,0.988,1
1000,7,0.6,,0.03,,0.142,0.858,0.858,0.011,0,0,0.294,0.703,0.701,0.646,0.703,0.703,0.952,0.992,0.96,0.952,1
1000,7,0.6,,0.04,,0.041,0.959,0.959,0.051,0,0,0.301,0.733,0.728,0.645,0.728,0.734,0.937,0.986,0.951,0.938,0.999
1000,7,0.6,,0.06,,0.01,0.99,0.99,0.135,0,0,0.328,0.731,0.729,0.675,0.736,0.732,0.906,0.987,0.919,0.909,0.997
1000,7,0.6,,0.07,,0.006,0.994,0.99,0.17,0.004,0.001,0.329,0.763,0.743,0.71,0.746,0.762,0.876,0.991,0.885,0.877,0.999
1000,7,0.6,,0.08,,0.003,0.997,0.987,0.232,0.01,0.004,0.357,0.779,0.745,0.726,0.745,0.778,0.858,0.994,0.864,0.861,0.997
1000,7,0.6,,0.1,,0.002,0.998,0.979,0.278,0.019,0.01,0.366,0.781,0.752,0.746,0.757,0.778,0.887,0.989,0.898,0.896,0.991
1000,7,0.6,,0.11,,0.002,0.998,0.971,0.262,0.027,0.015,0.352,0.822,0.775,0.766,0.787,0.817,0.861,0.982,0.879,0.874,0.987
1000,7,0.6,,0.12,,0,1,0.969,0.311,0.031,0.017,0.38,0.82,0.779,0.792,0.785,0.819,0.871,0.986,0.885,0.884,0.987
1000,7,0.7,,0.02,,0.991,0.009,0.009,0,0,0,0.376,0.875,0.875,0.711,0.875,0.875,1,1,1,1,1
1000,7,0.7,,0.03,,0.733,0.267,0.267,0,0,0,0.412,0.879,0.881,0.746,0.879,0.879,0.998,0.998,1,0.998,1
1000,7,0.7,,0.04,,0.397,0.603,0.603,0.002,0,0,0.412,0.868,0.863,0.752,0.862,0.868,0.985,0.993,0.992,0.985,1
1000,7,0.7,,0.06,,0.09,0.91,0.91,0.018,0,0,0.432,0.898,0.886,0.794,0.889,0.898,0.966,0.993,0.973,0.966,1
1000,7,0.7,,0.07,,0.037,0.963,0.963,0.043,0,0,0.455,0.882,0.869,0.786,0.87,0.881,0.953,0.997,0.956,0.954,0.999
1000,7,0.7,,0.08,,0.021,0.979,0.978,0.073,0.001,0.001,0.444,0.886,0.879,0.782,0.881,0.887,0.931,0.99,0.941,0.932,0.999
1000,7,0.7,,0.1,,0.007,0.993,0.992,0.109,0.001,0.001,0.479,0.904,0.881,0.841,0.885,0.904,0.939,0.994,0.945,0.939,1
1000,7,0.7,,0.11,,0.009,0.991,0.975,0.17,0.016,0.012,0.505,0.902,0.864,0.847,0.874,0.901,0.928,0.99,0.938,0.931,0.997
1000,7,0.7,,0.12,,0.003,0.997,0.978,0.18,0.019,0.014,0.509,0.906,0.874,0.863,0.879,0.905,0.924,0.995,0.929,0.927,0.997
1000,7,0.75,,0.02,,0.998,0.002,0.002,0,0,0,0.478,0.923,0.923,0.757,0.923,0.923,1,1,1,1,1
1000,7,0.75,,0.03,,0.879,0.121,0.121,0,0,0,0.49,0.918,0.918,0.766,0.918,0.918,1,1,1,1,1
1000,7,0.75,,0.04,,0.556,0.444,0.444,0,0,0,0.5,0.946,0.943,0.798,0.943,0.946,0.995,1,0.995,0.995,1
1000,7,0.75,,0.06,,0.17,0.83,0.83,0.004,0,0,0.494,0.935,0.935,0.833,0.932,0.935,0.984,0.995,0.989,0.984,1
1000,7,0.75,,0.07,,0.084,0.916,0.916,0.015,0,0,0.524,0.944,0.939,0.838,0.942,0.944,0.977,0.995,0.982,0.977,1
1000,7,0.75,,0.08,,0.032,0.968,0.968,0.025,0,0,0.539,0.943,0.92,0.862,0.926,0.942,0.963,0.992,0.971,0.964,0.999
1000,7,0.75,,0.1,,0.018,0.982,0.976,0.083,0.006,0.006,0.587,0.952,0.926,0.878,0.93,0.953,0.956,0.996,0.96,0.959,0.997
1000,7,0.75,,0.11,,0.009,0.991,0.982,0.111,0.009,0.009,0.582,0.946,0.922,0.885,0.926,0.946,0.956,0.994,0.962,0.962,0.994
1000,7,0.75,,0.12,,0.005,0.995,0.99,0.116,0.005,0.005,0.581,0.954,0.923,0.898,0.93,0.954,0.947,0.993,0.954,0.949,0.998
1000,7,0.8,,0.02,,0.999,0.001,0.001,0,0,0,0.546,0.973,0.973,0.831,0.973,0.973,1,1,1,1,1
1000,7,0.8,,0.03,,0.937,0.063,0.063,0,0,0,0.549,0.969,0.969,0.857,0.969,0.969,1,1,1,1,1
1000,7,0.8,,0.04,,0.618,0.382,0.382,0,0,0,0.589,0.976,0.976,0.855,0.976,0.976,1,1,1,1,1
1000,7,0.8,,0.06,,0.213,0.787,0.787,0.007,0,0,0.602,0.967,0.963,0.882,0.964,0.967,0.99,0.997,0.993,0.99,1
1000,7,0.8,,0.07,,0.106,0.894,0.894,0.008,0,0,0.625,0.979,0.975,0.898,0.975,0.979,0.984,0.996,0.988,0.984,1
1000,7,0.8,,0.08,,0.065,0.935,0.935,0.019,0,0,0.639,0.97,0.968,0.903,0.97,0.97,0.982,0.998,0.984,0.982,1
1000,7,0.8,,0.1,,0.017,0.983,0.982,0.042,0.001,0.001,0.642,0.974,0.967,0.913,0.969,0.974,0.979,0.998,0.981,0.979,1
1000,7,0.8,,0.11,,0.014,0.986,0.982,0.065,0.004,0.004,0.677,0.98,0.96,0.918,0.963,0.98,0.974,0.997,0.977,0.974,1
1000,7,0.8,,0.12,,0.013,0.987,0.985,0.091,0.002,0.002,0.685,0.972,0.95,0.934,0.956,0.971,0.966,0.994,0.972,0.967,0.999
1000,7,0.9,,0.02,,0.992,0.008,0.008,0,0,0,0.774,0.997,0.997,0.924,0.997,0.997,1,1,1,1,1
1000,7,0.9,,0.03,,0.788,0.212,0.212,0.001,0,0,0.779,0.998,0.998,0.938,0.998,0.998,1,1,1,1,1
1000,7,0.9,,0.04,,0.448,0.552,0.552,0,0,0,0.806,0.996,0.996,0.941,0.996,0.996,0.998,1,0.998,0.998,1
1000,7,0.9,,0.06,,0.168,0.832,0.832,0.004,0,0,0.83,0.997,0.999,0.96,0.999,0.997,0.998,1,0.998,0.998,1
1000,7,0.9,,0.07,,0.098,0.902,0.902,0.006,0,0,0.829,0.998,0.995,0.966,0.995,0.998,0.997,1,0.997,0.997,1
1000,7,0.9,,0.08,,0.061,0.939,0.938,0.006,0.001,0.001,0.811,0.999,0.998,0.969,0.999,0.999,0.997,0.999,0.998,0.997,1
1000,7,0.9,,0.1,,0.03,0.97,0.968,0.02,0.002,0.002,0.843,0.996,0.993,0.96,0.993,0.996,0.995,1,0.995,0.995,1
1000,7,0.9,,0.11,,0.015,0.985,0.985,0.035,0,0,0.788,0.997,0.994,0.966,0.996,0.997,0.997,0.998,0.999,0.997,1
1000,7,0.9,,0.12,,0.035,0.965,0.964,0.036,0.001,0.001,0.814,0.996,0.992,0.971,0.994,0.996,0.994,0.998,0.996,0.994,1
1000,7,0.95,,0.02,,0.812,0.188,0.188,0.001,0,0,0.904,1,1,0.982,1,1,1,1,1,1,1
1000,7,0.95,,0.03,,0.446,0.554,0.554,0.002,0,0,0.913,1,1,0.984,1,1,1,1,1,1,1
1000,7,0.95,,0.04,,0.273,0.727,0.727,0.003,0,0,0.896,1,1,0.981,1,1,1,1,1,1,1
1000,7,0.95,,0.06,,0.124,0.876,0.876,0.004,0,0,0.9,1,1,0.977,1,1,1,1,1,1,1
1000,7,0.95,,0.07,,0.09,0.91,0.91,0.008,0,0,0.897,1,0.998,0.981,0.999,1,0.998,0.999,0.999,0.998,1
1000,7,0.95,,0.08,,0.047,0.953,0.953,0.01,0,0,0.881,1,0.999,0.987,0.999,1,0.999,1,0.999,0.999,1
1000,7,0.95,,0.1,,0.042,0.958,0.958,0.006,0,0,0.863,0.999,0.999,0.97,0.999,0.999,1,1,1,1,1
1000,7,0.95,,0.11,,0.03,0.97,0.97,0.017,0,0,0.866,0.997,0.996,0.977,0.996,0.997,0.999,1,0.999,0.999,1
1000,7,0.95,,0.12,,0.032,0.968,0.968,0.028,0,0,0.853,0.994,0.994,0.969,0.996,0.994,0.99,0.998,0.992,0.99,1
1000,7,1,,0.02,,0.389,0.611,0.611,0,0,0,0.981,1,1,1,1,1,1,1,1,1,1
1000,7,1,,0.03,,0.27,0.73,0.73,0.001,0,0,0.971,1,1,0.998,1,1,1,1,1,1,1
1000,7,1,,0.04,,0.206,0.794,0.794,0.001,0,0,0.961,1,1,0.991,1,1,1,1,1,1,1
1000,7,1,,0.06,,0.131,0.869,0.869,0.004,0,0,0.946,1,1,0.991,1,1,1,1,1,1,1
1000,7,1,,0.07,,0.103,0.897,0.897,0.004,0,0,0.94,1,0.999,0.988,0.999,1,0.999,1,0.999,0.999,1
1000,7,1,,0.08,,0.076,0.924,0.924,0.002,0,0,0.931,1,1,0.982,1,1,1,1,1,1,1
1000,7,1,,0.1,,0.056,0.944,0.944,0.016,0,0,0.911,0.999,0.998,0.986,0.999,0.999,0.999,0.999,1,0.999,1
1000,7,1,,0.11,,0.032,0.968,0.968,0.01,0,0,0.885,0.999,0.999,0.986,1,0.999,0.998,0.999,0.999,0.998,1
1000,7,1,,0.12,,0.032,0.968,0.968,0.024,0,0,0.893,0.999,0.999,0.98,0.999,0.999,1,1,1,1,1
1000,9,0.5,,0.02,,0,1,0.997,0.167,0.003,0,0.118,0.55,0.543,0.548,0.544,0.551,0.807,0.997,0.81,0.836,0.971
1000,9,0.5,,0.03,,0,1,0.997,0.148,0.003,0.003,0.116,0.6,0.569,0.574,0.57,0.605,0.811,0.995,0.816,0.842,0.969
1000,9,0.5,,0.04,,0,1,0.997,0.195,0.003,0.002,0.143,0.598,0.601,0.579,0.601,0.602,0.823,0.998,0.825,0.849,0.974
1000,9,0.5,,0.06,,0,1,0.998,0.181,0.002,0,0.166,0.635,0.584,0.611,0.584,0.63,0.811,0.998,0.813,0.85,0.961
1000,9,0.5,,0.07,,0,1,0.993,0.18,0.007,0.004,0.167,0.676,0.647,0.643,0.646,0.674,0.843,0.997,0.846,0.867,0.976
1000,9,0.5,,0.08,,0,1,1,0.153,0,0,0.15,0.698,0.658,0.664,0.663,0.685,0.838,0.995,0.843,0.861,0.977
1000,9,0.5,,0.1,,0,1,0.993,0.168,0.007,0.004,0.179,0.721,0.679,0.669,0.679,0.713,0.826,0.996,0.83,0.858,0.968
1000,9,0.5,,0.11,,0,1,0.994,0.188,0.006,0.005,0.178,0.77,0.738,0.713,0.741,0.777,0.834,0.993,0.841,0.865,0.969
1000,9,0.5,,0.12,,0,1,0.987,0.179,0.013,0.008,0.165,0.785,0.741,0.735,0.744,0.783,0.834,0.997,0.837,0.854,0.98
1000,9,0.55,,0.02,,0.003,0.997,0.997,0.011,0,0,0.135,0.629,0.612,0.599,0.612,0.628,0.909,0.992,0.917,0.91,0.999
1000,9,0.55,,0.03,,0,1,1,0.056,0,0,0.128,0.624,0.616,0.563,0.614,0.621,0.878,0.996,0.882,0.887,0.991
1000,9,0.55,,0.04,,0,1,1,0.088,0,0,0.165,0.688,0.658,0.617,0.658,0.683,0.85,0.996,0.854,0.863,0.987
1000,9,0.55,,0.06,,0,1,0.998,0.134,0.002,0.001,0.143,0.72,0.696,0.658,0.702,0.713,0.848,0.994,0.854,0.867,0.981
1000,9,0.55,,0.07,,0,1,0.998,0.13,0.002,0.002,0.174,0.717,0.708,0.635,0.713,0.714,0.857,0.995,0.862,0.874,0.983
1000,9,0.55,,0.08,,0,1,1,0.154,0,0,0.195,0.759,0.715,0.718,0.718,0.759,0.856,0.997,0.859,0.876,0.98
1000,9,0.55,,0.1,,0,1,0.999,0.14,0.001,0,0.195,0.772,0.737,0.708,0.74,0.766,0.825,0.997,0.828,0.857,0.968
1000,9,0.55,,0.11,,0,1,0.992,0.156,0.008,0.007,0.212,0.787,0.741,0.743,0.741,0.777,0.854,0.996,0.858,0.876,0.978
1000,9,0.55,,0.12,,0,1,0.99,0.157,0.01,0.009,0.217,0.825,0.775,0.745,0.778,0.819,0.852,0.995,0.857,0.874,0.978
1000,9,0.6,,0.02,,0.172,0.828,0.828,0,0,0,0.169,0.758,0.755,0.634,0.754,0.758,0.987,0.999,0.988,0.987,1
1000,9,0.6,,0.03,,0.016,0.984,0.984,0.002,0,0,0.184,0.752,0.745,0.638,0.748,0.752,0.949,0.997,0.952,0.949,1
1000,9,0.6,,0.04,,0.004,0.996,0.996,0.022,0,0,0.192,0.754,0.744,0.68,0.743,0.753,0.908,0.995,0.913,0.909,0.999
1000,9,0.6,,0.06,,0.001,0.999,0.999,0.056,0,0,0.21,0.766,0.752,0.685,0.754,0.762,0.898,0.996,0.902,0.91,0.988
1000,9,0.6,,0.07,,0.001,0.999,0.999,0.07,0,0,0.223,0.77,0.737,0.711,0.735,0.768,0.891,0.998,0.893,0.901,0.99
1000,9,0.6,,0.08,,0,1,0.999,0.083,0.001,0.001,0.233,0.816,0.77,0.738,0.774,0.812,0.892,0.996,0.896,0.902,0.99
1000,9,0.6,,0.1,,0,1,1,0.123,0,0,0.24,0.838,0.814,0.768,0.816,0.835,0.876,0.996,0.88,0.885,0.991
1000,9,0.6,,0.11,,0,1,0.994,0.149,0.006,0.006,0.24,0.844,0.796,0.762,0.798,0.846,0.872,0.996,0.876,0.89,0.982
1000,9,0.6,,0.12,,0,1,0.995,0.143,0.005,0.005,0.278,0.845,0.809,0.795,0.814,0.838,0.874,0.995,0.879,0.895,0.979
1000,9,0.7,,0.02,,0.914,0.086,0.086,0,0,0,0.268,0.906,0.906,0.726,0.906,0.906,1,1,1,1,1
1000,9,0.7,,0.03,,0.385,0.615,0.615,0,0,0,0.289,0.909,0.909,0.763,0.909,0.909,0.998,1,0.998,0.998,1
1000,9,0.7,,0.04,,0.111,0.889,0.889,0,0,0,0.3,0.9,0.895,0.777,0.897,0.9,0.985,0.998,0.987,0.985,1
1000,9,0.7,,0.06,,0.013,0.987,0.987,0.003,0,0,0.296,0.901,0.906,0.779,0.909,0.901,0.973,0.997,0.976,0.973,1
1000,9,0.7,,0.07,,0.002,0.998,0.998,0.009,0,0,0.317,0.906,0.894,0.803,0.895,0.906,0.962,0.997,0.965,0.962,1
1000,9,0.7,,0.08,,0.001,0.999,0.999,0.013,0,0,0.323,0.917,0.909,0.812,0.91,0.917,0.956,0.999,0.957,0.956,1
1000,9,0.7,,0.1,,0.001,0.999,0.997,0.051,0.002,0.002,0.387,0.92,0.897,0.827,0.899,0.92,0.939,0.996,0.943,0.949,0.99
1000,9,0.7,,0.11,,0,1,0.998,0.054,0.002,0.002,0.408,0.943,0.913,0.86,0.915,0.942,0.95,0.998,0.952,0.951,0.999
1000,9,0.7,,0.12,,0.001,0.999,0.998,0.05,0.001,0.001,0.41,0.941,0.92,0.875,0.923,0.942,0.941,0.997,0.944,0.946,0.995
1000,9,0.75,,0.02,,0.974,0.026,0.026,0,0,0,0.353,0.947,0.947,0.78,0.947,0.947,1,1,1,1,1
1000,9,0.75,,0.03,,0.58,0.42,0.42,0,0,0,0.37,0.951,0.95,0.798,0.95,0.951,0.999,1,0.999,0.999,1
1000,9,0.75,,0.04,,0.222,0.778,0.778,0,0,0,0.379,0.948,0.951,0.801,0.951,0.948,0.997,1,0.997,0.997,1
1000,9,0.75,,0.06,,0.018,0.982,0.982,0,0,0,0.394,0.955,0.953,0.839,0.953,0.955,0.988,1,0.988,0.988,1
1000,9,0.75,,0.07,,0.01,0.99,0.99,0.006,0,0,0.437,0.961,0.951,0.872,0.952,0.96,0.978,0.999,0.979,0.979,0.999
1000,9,0.75,,0.08,,0.005,0.995,0.995,0.003,0,0,0.458,0.951,0.939,0.87,0.941,0.951,0.978,0.998,0.98,0.978,1
1000,9,0.75,,0.1,,0.001,0.999,0.999,0.017,0,0,0.477,0.968,0.959,0.894,0.96,0.966,0.977,0.999,0.978,0.979,0.998
1000,9,0.75,,0.11,,0,1,1,0.037,0,0,0.475,0.956,0.945,0.903,0.946,0.954,0.977,0.999,0.978,0.979,0.998
1000,9,0.75,,0.12,,0,1,1,0.051,0,0,0.504,0.971,0.952,0.923,0.953,0.971,0.969,0.999,0.97,0.969,1
1000,9,0.8,,0.02,,0.986,0.014,0.014,0,0,0,0.428,0.987,0.987,0.837,0.987,0.987,1,1,1,1,1
1000,9,0.8,,0.03,,0.675,0.325,0.325,0,0,0,0.443,0.98,0.98,0.84,0.98,0.98,1,1,1,1,1
1000,9,0.8,,0.04,,0.288,0.712,0.712,0,0,0,0.473,0.975,0.973,0.866,0.973,0.975,0.996,1,0.996,0.996,1
1000,9,0.8,,0.06,,0.045,0.955,0.955,0,0,0,0.527,0.984,0.983,0.872,0.983,0.984,0.997,1,0.997,0.997,1
1000,9,0.8,,0.07,,0.017,0.983,0.983,0.001,0,0,0.549,0.979,0.98,0.908,0.98,0.979,0.993,1,0.993,0.993,1
1000,9,0.8,,0.08,,0.003,0.997,0.997,0.001,0,0,0.562,0.982,0.98,0.902,0.981,0.982,0.99,0.997,0.993,0.99,1
1000,9,0.8,,0.1,,0.001,0.999,0.999,0.012,0,0,0.557,0.979,0.977,0.934,0.98,0.979,0.98,0.997,0.983,0.98,1
1000,9,0.8,,0.11,,0.001,0.999,0.999,0.014,0,0,0.56,0.987,0.98,0.927,0.981,0.987,0.985,0.999,0.986,0.985,1
1000,9,0.8,,0.12,,0.002,0.998,0.998,0.022,0,0,0.616,0.982,0.968,0.925,0.969,0.982,0.98,0.997,0.983,0.98,1
1000,9,0.9,,0.02,,0.934,0.066,0.066,0,0,0,0.696,0.999,0.999,0.917,0.999,0.999,1,1,1,1,1
1000,9,0.9,,0.03,,0.491,0.509,0.509,0,0,0,0.731,1,0.999,0.945,1,1,0.999,0.999,1,0.999,1
1000,9,0.9,,0.04,,0.167,0.833,0.833,0,0,0,0.75,0.998,0.998,0.96,0.998,0.998,1,1,1,1,1
1000,9,0.9,,0.06,,0.024,0.976,0.976,0.001,0,0,0.783,1,1,0.958,1,1,1,1,1,1,1
1000,9,0.9,,0.07,,0.018,0.982,0.982,0,0,0,0.778,0.999,0.999,0.972,0.999,0.999,1,1,1,1,1
1000,9,0.9,,0.08,,0.006,0.994,0.994,0,0,0,0.769,0.999,0.997,0.977,0.997,0.999,0.998,1,0.998,0.998,1
1000,9,0.9,,0.1,,0.001,0.999,0.999,0.001,0,0,0.765,0.999,0.994,0.967,0.995,0.999,0.995,0.999,0.996,0.995,1
1000,9,0.9,,0.11,,0,1,1,0,0,0,0.774,0.995,0.995,0.969,0.995,0.995,0.998,1,0.998,0.998,1
1000,9,0.9,,0.12,,0.001,0.999,0.999,0.004,0,0,0.743,0.997,0.991,0.973,0.993,0.998,0.99,0.998,0.992,0.991,0.999
1000,9,0.95,,0.02,,0.506,0.494,0.494,0,0,0,0.889,1,1,0.978,1,1,1,1,1,1,1
1000,9,0.95,,0.03,,0.17,0.83,0.83,0,0,0,0.886,1,1,0.983,1,1,1,1,1,1,1
1000,9,0.95,,0.04,,0.064,0.936,0.936,0,0,0,0.893,1,1,0.984,1,1,1,1,1,1,1
1000,9,0.95,,0.06,,0.021,0.979,0.979,0,0,0,0.886,1,1,0.989,1,1,1,1,1,1,1
1000,9,0.95,,0.07,,0.013,0.987,0.987,0,0,0,0.869,1,0.999,0.989,1,1,0.999,0.999,1,0.999,1
1000,9,0.95,,0.08,,0.004,0.996,0.996,0,0,0,0.847,1,1,0.977,1,1,1,1,1,1,1
1000,9,0.95,,0.1,,0.003,0.997,0.997,0.001,0,0,0.838,1,1,0.974,1,1,1,1,1,1,1
1000,9,0.95,,0.11,,0.003,0.997,0.997,0.001,0,0,0.834,0.997,0.996,0.977,0.996,0.997,0.999,1,0.999,0.999,1
1000,9,0.95,,0.12,,0.003,0.997,0.997,0.002,0,0,0.807,1,0.998,0.988,0.998,1,0.998,1,0.998,0.998,1
1000,9,1,,0.02,,0.138,0.862,0.862,0,0,0,0.979,1,1,0.994,1,1,1,1,1,1,1
1000,9,1,,0.03,,0.056,0.944,0.944,0,0,0,0.973,1,1,0.997,1,1,1,1,1,1,1
1000,9,1,,0.04,,0.039,0.961,0.961,0,0,0,0.945,1,1,0.994,1,1,1,1,1,1,1
1000,9,1,,0.06,,0.021,0.979,0.979,0,0,0,0.91,1,1,0.988,1,1,1,1,1,1,1
1000,9,1,,0.07,,0.013,0.987,0.987,0.001,0,0,0.913,0.999,1,0.991,1,0.999,0.999,1,0.999,0.999,1
1000,9,1,,0.08,,0.008,0.992,0.992,0.002,0,0,0.898,1,1,0.991,1,1,1,1,1,1,1
1000,9,1,,0.1,,0.006,0.994,0.994,0,0,0,0.876,1,1,0.983,1,1,1,1,1,1,1
1000,9,1,,0.11,,0.006,0.994,0.994,0.001,0,0,0.871,1,1,0.987,1,1,1,1,1,1,1
1000,9,1,,0.12,,0.003,0.997,0.997,0,0,0,0.856,0.999,0.999,0.992,0.999,0.999,1,1,1,1,1
1000,11,0.5,,0.02,,0,1,1,0.064,0,0,0.072,0.566,0.565,0.541,0.566,0.563,0.805,0.997,0.808,0.842,0.963
1000,11,0.5,,0.03,,0,1,1,0.07,0,0,0.048,0.578,0.569,0.579,0.571,0.576,0.805,0.998,0.807,0.849,0.956
1000,11,0.5,,0.04,,0,1,1,0.064,0,0,0.067,0.62,0.594,0.589,0.594,0.618,0.798,1,0.798,0.846,0.952
1000,11,0.5,,0.06,,0,1,1,0.071,0,0,0.097,0.661,0.636,0.602,0.635,0.659,0.813,0.997,0.816,0.847,0.966
1000,11,0.5,,0.07,,0,1,0.998,0.07,0.002,0.001,0.08,0.681,0.656,0.639,0.656,0.678,0.823,0.998,0.825,0.852,0.971
1000,11,0.5,,0.08,,0,1,1,0.066,0,0,0.094,0.713,0.68,0.659,0.681,0.714,0.827,0.999,0.828,0.858,0.969
1000,11,0.5,,0.1,,0,1,0.999,0.078,0.001,0,0.102,0.776,0.704,0.701,0.706,0.765,0.824,0.998,0.826,0.865,0.959
1000,11,0.5,,0.11,,0,1,0.997,0.06,0.003,0.003,0.114,0.805,0.739,0.698,0.74,0.795,0.832,0.999,0.833,0.872,0.96
1000,11,0.5,,0.12,,0,1,0.997,0.076,0.003,0.003,0.126,0.806,0.754,0.732,0.754,0.799,0.844,1,0.844,0.875,0.969
1000,11,0.55,,0.02,,0,1,1,0.005,0,0,0.07,0.654,0.65,0.569,0.65,0.655,0.92,1,0.92,0.921,0.999
1000,11,0.55,,0.03,,0,1,1,0.015,0,0,0.075,0.671,0.649,0.625,0.649,0.669,0.86,1,0.86,0.876,0.984
1000,11,0.55,,0.04,,0,1,1,0.026,0,0,0.079,0.682,0.651,0.599,0.651,0.677,0.849,1,0.849,0.87,0.979
1000,11,0.55,,0.06,,0,1,1,0.045,0,0,0.092,0.731,0.698,0.648,0.698,0.718,0.837,1,0.837,0.862,0.975
1000,11,0.55,,0.07,,0,1,1,0.06,0,0,0.097,0.75,0.698,0.663,0.699,0.745,0.852,0.999,0.853,0.873,0.979
1000,11,0.55,,0.08,,0,1,1,0.048,0,0,0.114,0.75,0.72,0.684,0.72,0.752,0.86,1,0.86,0.892,0.968
1000,11,0.55,,0.1,,0,1,0.999,0.069,0.001,0.001,0.13,0.834,0.76,0.767,0.761,0.808,0.856,0.999,0.857,0.89,0.966
1000,11,0.55,,0.11,,0,1,1,0.053,0,0,0.153,0.825,0.782,0.757,0.784,0.82,0.867,0.998,0.869,0.892,0.975
1000,11,0.55,,0.12,,0,1,0.999,0.056,0.001,0.001,0.156,0.834,0.792,0.752,0.793,0.823,0.876,0.999,0.877,0.905,0.971
1000,11,0.6,,0.02,,0.053,0.947,0.947,0,0,0,0.083,0.743,0.749,0.611,0.75,0.743,0.974,0.999,0.975,0.974,1
1000,11,0.6,,0.03,,0,1,1,0,0,0,0.088,0.752,0.741,0.62,0.742,0.752,0.939,0.997,0.942,0.939,1
1000,11,0.6,,0.04,,0,1,1,0.006,0,0,0.107,0.768,0.744,0.667,0.745,0.768,0.916,0.999,0.917,0.918,0.998
1000,11,0.6,,0.06,,0,1,1,0.026,0,0,0.121,0.8,0.77,0.696,0.772,0.797,0.892,0.998,0.894,0.907,0.985
1000,11,0.6,,0.07,,0,1,1,0.029,0,0,0.142,0.809,0.794,0.703,0.797,0.806,0.901,0.997,0.904,0.91,0.991
1000,11,0.6,,0.08,,0,1,1,0.038,0,0,0.138,0.818,0.796,0.72,0.795,0.815,0.888,0.999,0.889,0.901,0.987
1000,11,0.6,,0.1,,0,1,0.998,0.055,0.002,0.002,0.156,0.849,0.814,0.775,0.814,0.848,0.877,0.998,0.879,0.896,0.981
1000,11,0.6,,0.11,,0,1,1,0.042,0,0,0.184,0.872,0.83,0.768,0.831,0.865,0.888,0.999,0.889,0.911,0.977
1000,11,0.6,,0.12,,0,1,0.998,0.043,0.002,0.002,0.176,0.883,0.828,0.806,0.827,0.871,0.899,0.999,0.9,0.921,0.978
1000,11,0.7,,0.02,,0.676,0.324,0.324,0,0,0,0.203,0.924,0.924,0.731,0.924,0.924,1,1,1,1,1
1000,11,0.7,,0.03,,0.109,0.891,0.891,0,0,0,0.198,0.923,0.923,0.733,0.923,0.923,0.984,1,0.984,0.984,1
1000,11,0.7,,0.04,,0.02,0.98,0.98,0,0,0,0.221,0.912,0.909,0.766,0.908,0.912,0.987,0.999,0.988,0.987,1
1000,11,0.7,,0.06,,0.001,0.999,0.999,0,0,0,0.233,0.942,0.93,0.806,0.93,0.942,0.968,1,0.968,0.968,1
1000,11,0.7,,0.07,,0,1,1,0.004,0,0,0.25,0.925,0.916,0.832,0.916,0.925,0.957,1,0.957,0.957,1
1000,11,0.7,,0.08,,0.001,0.999,0.999,0.004,0,0,0.27,0.927,0.917,0.818,0.917,0.924,0.952,1,0.952,0.955,0.997
1000,11,0.7,,0.1,,0,1,1,0.015,0,0,0.277,0.951,0.933,0.887,0.933,0.95,0.962,1,0.962,0.967,0.995
1000,11,0.7,,0.11,,0,1,0.999,0.018,0.001,0.001,0.343,0.951,0.921,0.863,0.921,0.95,0.954,1,0.954,0.957,0.997
1000,11,0.7,,0.12,,0,1,1,0.023,0,0,0.33,0.954,0.938,0.885,0.938,0.95,0.958,1,0.958,0.964,0.994
1000,11,0.75,,0.02,,0.861,0.139,0.139,0,0,0,0.274,0.963,0.963,0.798,0.963,0.963,1,1,1,1,1
1000,11,0.75,,0.03,,0.27,0.73,0.73,0,0,0,0.304,0.971,0.972,0.797,0.972,0.971,0.999,1,0.999,0.999,1
1000,11,0.75,,0.04,,0.048,0.952,0.952,0,0,0,0.308,0.967,0.965,0.82,0.964,0.967,0.994,0.999,0.995,0.994,1
1000,11,0.75,,0.06,,0.002,0.998,0.998,0,0,0,0.358,0.978,0.968,0.85,0.968,0.978,0.986,1,0.986,0.986,1
1000,11,0.75,,0.07,,0.001,0.999,0.999,0,0,0,0.351,0.962,0.954,0.87,0.954,0.962,0.984,1,0.984,0.984,1
1000,11,0.75,,0.08,,0.001,0.999,0.999,0,0,0,0.353,0.969,0.959,0.868,0.959,0.969,0.982,1,0.982,0.982,1
1000,11,0.75,,0.1,,0,1,1,0.005,0,0,0.411,0.975,0.972,0.887,0.972,0.975,0.985,1,0.985,0.985,1
1000,11,0.75,,0.11,,0,1,1,0.009,0,0,0.392,0.983,0.966,0.913,0.967,0.983,0.979,0.999,0.98,0.979,1
1000,11,0.75,,0.12,,0,1,0.999,0.018,0.001,0.001,0.43,0.981,0.97,0.918,0.97,0.98,0.977,1,0.977,0.982,0.995
1000,11,0.8,,0.02,,0.926,0.074,0.074,0,0,0,0.383,0.985,0.985,0.85,0.985,0.985,1,1,1,1,1
1000,11,0.8,,0.03,,0.348,0.652,0.652,0,0,0,0.394,0.986,0.987,0.852,0.987,0.986,0.999,1,0.999,0.999,1
1000,11,0.8,,0.04,,0.085,0.915,0.915,0,0,0,0.435,0.987,0.986,0.868,0.986,0.987,0.999,1,0.999,0.999,1
1000,11,0.8,,0.06,,0.003,0.997,0.997,0,0,0,0.425,0.995,0.993,0.891,0.993,0.995,0.998,1,0.998,0.998,1
1000,11,0.8,,0.07,,0.001,0.999,0.999,0,0,0,0.46,0.996,0.991,0.91,0.991,0.996,0.995,1,0.995,0.995,1
1000,11,0.8,,0.08,,0,1,1,0.001,0,0,0.452,0.996,0.991,0.919,0.991,0.996,0.995,1,0.995,0.995,1
1000,11,0.8,,0.1,,0,1,1,0,0,0,0.493,0.99,0.989,0.936,0.989,0.99,0.995,1,0.995,0.995,1
1000,11,0.8,,0.11,,0,1,1,0.001,0,0,0.512,0.994,0.986,0.95,0.986,0.993,0.99,1,0.99,0.991,0.999
1000,11,0.8,,0.12,,0,1,1,0.005,0,0,0.526,0.993,0.988,0.932,0.988,0.994,0.987,1,0.987,0.99,0.997
1000,11,0.9,,0.02,,0.762,0.238,0.238,0,0,0,0.635,1,1,0.932,1,1,1,1,1,1,1
1000,11,0.9,,0.03,,0.172,0.828,0.828,0,0,0,0.678,1,1,0.949,1,1,1,1,1,1,1
1000,11,0.9,,0.04,,0.042,0.958,0.958,0,0,0,0.721,1,1,0.954,1,1,1,1,1,1,1
1000,11,0.9,,0.06,,0.001,0.999,0.999,0,0,0,0.726,1,1,0.978,1,1,1,1,1,1,1
1000,11,0.9,,0.07,,0.002,0.998,0.998,0,0,0,0.727,1,1,0.973,1,1,1,1,1,1,1
1000,11,0.9,,0.08,,0,1,1,0,0,0,0.737,1,0.999,0.968,0.999,1,0.999,1,0.999,0.999,1
1000,11,0.9,,0.1,,0,1,1,0,0,0,0.722,1,1,0.982,1,1,1,1,1,1,1
1000,11,0.9,,0.11,,0,1,1,0,0,0,0.694,0.999,0.998,0.98,0.998,0.998,0.999,1,0.999,1,0.999
1000,11,0.9,,0.12,,0,1,1,0.001,0,0,0.706,0.999,0.998,0.974,0.998,0.999,0.999,1,0.999,0.999,1
1000,11,0.95,,0.02,,0.246,0.754,0.754,0,0,0,0.825,1,1,0.971,1,1,1,1,1,1,1
1000,11,0.95,,0.03,,0.04,0.96,0.96,0,0,0,0.867,1,1,0.976,1,1,1,1,1,1,1
1000,11,0.95,,0.04,,0.016,0.984,0.984,0,0,0,0.874,1,1,0.991,1,1,1,1,1,1,1
1000,11,0.95,,0.06,,0.001,0.999,0.999,0,0,0,0.82,1,1,0.992,1,1,1,1,1,1,1
1000,11,0.95,,0.07,,0,1,1,0,0,0,0.825,1,1,0.99,1,1,1,1,1,1,1
1000,11,0.95,,0.08,,0.001,0.999,0.999,0,0,0,0.821,1,0.999,0.986,0.999,1,0.999,1,0.999,0.999,1
1000,11,0.95,,0.1,,0,1,1,0,0,0,0.794,1,1,0.988,1,1,1,1,1,1,1
1000,11,0.95,,0.11,,0,1,1,0,0,0,0.787,0.999,1,0.979,1,0.999,0.999,1,0.999,0.999,1
1000,11,0.95,,0.12,,0,1,1,0,0,0,0.786,0.998,0.999,0.975,0.999,0.998,0.999,1,0.999,0.999,1
1000,11,1,,0.02,,0.016,0.984,0.984,0,0,0,0.965,1,1,0.996,1,1,1,1,1,1,1
1000,11,1,,0.03,,0.011,0.989,0.989,0,0,0,0.959,1,1,0.999,1,1,1,1,1,1,1
1000,11,1,,0.04,,0.006,0.994,0.994,0,0,0,0.94,1,1,0.995,1,1,1,1,1,1,1
1000,11,1,,0.06,,0.002,0.998,0.998,0,0,0,0.909,1,1,0.993,1,1,1,1,1,1,1
1000,11,1,,0.07,,0,1,1,0,0,0,0.894,1,1,0.988,1,1,1,1,1,1,1
1000,11,1,,0.08,,0,1,1,0,0,0,0.871,1,1,0.987,1,1,1,1,1,1,1
1000,11,1,,0.1,,0.001,0.999,0.999,0,0,0,0.84,1,1,0.987,1,1,1,1,1,1,1
1000,11,1,,0.11,,0,1,1,0,0,0,0.841,1,1,0.984,1,1,1,1,1,1,1
1000,11,1,,0.12,,0,1,1,0.001,0,0,0.799,1,1,0.983,1,1,1,1,1,1,1
1000,21,0.5,,0.02,,0,1,1,0,0,0,0.002,0.554,0.552,0.555,0.552,0.557,0.804,1,0.804,0.867,0.937
1000,21,0.5,,0.03,,0,1,1,0,0,0,0.003,0.606,0.592,0.578,0.592,0.608,0.806,1,0.806,0.874,0.932
1000,21,0.5,,0.04,,0,1,1,0,0,0,0.003,0.659,0.631,0.599,0.631,0.648,0.804,1,0.804,0.881,0.923
1000,21,0.5,,0.06,,0,1,1,0,0,0,0.003,0.733,0.673,0.654,0.673,0.715,0.808,1,0.808,0.866,0.942
1000,21,0.5,,0.07,,0,1,1,0,0,0,0.009,0.727,0.705,0.637,0.705,0.728,0.832,1,0.832,0.891,0.941
1000,21,0.5,,0.08,,0,1,1,0,0,0,0.005,0.76,0.71,0.682,0.71,0.751,0.836,1,0.836,0.883,0.953
1000,21,0.5,,0.1,,0,1,1,0,0,0,0.009,0.821,0.77,0.714,0.77,0.816,0.873,1,0.873,0.918,0.955
1000,21,0.5,,0.11,,0,1,1,0,0,0,0.012,0.867,0.819,0.739,0.819,0.857,0.874,1,0.874,0.916,0.958
1000,21,0.5,,0.12,,0,1,1,0,0,0,0.014,0.875,0.84,0.75,0.84,0.872,0.885,1,0.885,0.924,0.961
1000,21,0.55,,0.02,,0,1,1,0,0,0,0.005,0.691,0.671,0.59,0.671,0.691,0.898,1,0.898,0.912,0.986
1000,21,0.55,,0.03,,0,1,1,0,0,0,0.006,0.697,0.691,0.592,0.691,0.704,0.88,1,0.88,0.901,0.979
1000,21,0.55,,0.04,,0,1,1,0,0,0,0.006,0.738,0.708,0.627,0.708,0.732,0.872,1,0.872,0.9,0.972
1000,21,0.55,,0.06,,0,1,1,0,0,0,0.002,0.794,0.752,0.652,0.752,0.788,0.87,1,0.87,0.908,0.962
1000,21,0.55,,0.07,,0,1,1,0.002,0,0,0.003,0.799,0.765,0.679,0.765,0.798,0.87,1,0.87,0.903,0.967
1000,21,0.55,,0.08,,0,1,1,0,0,0,0.014,0.834,0.798,0.712,0.798,0.83,0.864,1,0.864,0.896,0.968
1000,21,0.55,,0.1,,0,1,1,0,0,0,0.011,0.846,0.803,0.738,0.803,0.839,0.871,1,0.871,0.914,0.957
1000,21,0.55,,0.11,,0,1,1,0,0,0,0.016,0.873,0.826,0.758,0.826,0.852,0.893,1,0.893,0.934,0.959
1000,21,0.55,,0.12,,0,1,1,0,0,0,0.022,0.904,0.84,0.811,0.84,0.889,0.886,1,0.886,0.921,0.965
1000,21,0.6,,0.02,,0,1,1,0,0,0,0.005,0.835,0.844,0.617,0.844,0.835,0.971,1,0.971,0.971,1
1000,21,0.6,,0.03,,0,1,1,0,0,0,0.007,0.824,0.822,0.663,0.822,0.828,0.936,1,0.936,0.942,0.994
1000,21,0.6,,0.04,,0,1,1,0,0,0,0.005,0.853,0.833,0.677,0.833,0.849,0.934,1,0.934,0.94,0.994
1000,21,0.6,,0.06,,0,1,1,0,0,0,0.012,0.858,0.806,0.715,0.806,0.843,0.904,1,0.904,0.929,0.975
1000,21,0.6,,0.07,,0,1,1,0,0,0,0.013,0.893,0.861,0.728,0.861,0.891,0.914,1,0.914,0.938,0.976
1000,21,0.6,,0.08,,0,1,1,0,0,0,0.008,0.892,0.85,0.748,0.85,0.877,0.906,1,0.906,0.931,0.975
1000,21,0.6,,0.1,,0,1,1,0,0,0,0.027,0.916,0.874,0.803,0.874,0.91,0.918,1,0.918,0.934,0.984
1000,21,0.6,,0.11,,0,1,1,0,0,0,0.024,0.922,0.884,0.816,0.884,0.913,0.926,1,0.926,0.945,0.981
1000,21,0.6,,0.12,,0,1,1,0,0,0,0.032,0.955,0.918,0.84,0.918,0.951,0.941,1,0.941,0.955,0.986
1000,21,0.7,,0.02,,0.002,0.998,0.998,0,0,0,0.019,0.978,0.976,0.745,0.976,0.978,0.998,1,0.998,0.998,1
1000,21,0.7,,0.03,,0,1,1,0,0,0,0.046,0.976,0.98,0.768,0.98,0.976,0.996,1,0.996,0.996,1
1000,21,0.7,,0.04,,0,1,1,0,0,0,0.047,0.973,0.974,0.785,0.974,0.973,0.993,1,0.993,0.993,1
1000,21,0.7,,0.06,,0,1,1,0,0,0,0.055,0.976,0.978,0.816,0.978,0.976,0.986,1,0.986,0.986,1
1000,21,0.7,,0.07,,0,1,1,0,0,0,0.071,0.981,0.974,0.834,0.974,0.981,0.989,1,0.989,0.991,0.998
1000,21,0.7,,0.08,,0,1,1,0,0,0,0.074,0.984,0.977,0.843,0.977,0.984,0.987,1,0.987,0.989,0.998
1000,21,0.7,,0.1,,0,1,1,0,0,0,0.07,0.986,0.98,0.888,0.98,0.984,0.988,1,0.988,0.99,0.998
1000,21,0.7,,0.11,,0,1,1,0,0,0,0.093,0.987,0.974,0.895,0.974,0.982,0.983,1,0.983,0.988,0.995
1000,21,0.7,,0.12,,0,1,1,0,0,0,0.106,0.99,0.976,0.919,0.976,0.99,0.978,1,0.978,0.982,0.996
1000,21,0.75,,0.02,,0.007,0.993,0.993,0,0,0,0.059,0.992,0.991,0.781,0.991,0.992,0.999,1,0.999,0.999,1
1000,21,0.75,,0.03,,0,1,1,0,0,0,0.073,0.994,0.993,0.817,0.993,0.994,0.999,1,0.999,0.999,1
1000,21,0.75,,0.04,,0,1,1,0,0,0,0.094,0.99,0.991,0.801,0.991,0.99,0.999,1,0.999,0.999,1
1000,21,0.75,,0.06,,0,1,1,0,0,0,0.103,0.992,0.991,0.862,0.991,0.992,0.999,1,0.999,0.999,1
1000,21,0.75,,0.07,,0,1,1,0,0,0,0.106,0.997,0.996,0.875,0.996,0.997,0.997,1,0.997,0.997,1
1000,21,0.75,,0.08,,0,1,1,0,0,0,0.121,0.999,0.995,0.904,0.995,0.999,0.996,1,0.996,0.996,1
1000,21,0.75,,0.1,,0,1,1,0,0,0,0.148,0.999,0.998,0.95,0.998,0.999,0.997,1,0.997,0.997,1
1000,21,0.75,,0.11,,0,1,1,0,0,0,0.168,0.997,0.991,0.944,0.991,0.997,0.994,1,0.994,0.994,1
1000,21,0.75,,0.12,,0,1,1,0,0,0,0.18,0.998,0.99,0.947,0.99,0.996,0.992,1,0.992,0.994,0.998
1000,21,0.8,,0.02,,0.027,0.973,0.973,0,0,0,0.137,1,1,0.845,1,1,1,1,1,1,1
1000,21,0.8,,0.03,,0,1,1,0,0,0,0.131,0.999,0.999,0.858,0.999,0.999,1,1,1,1,1
1000,21,0.8,,0.04,,0,1,1,0,0,0,0.162,1,1,0.859,1,1,1,1,1,1,1
1000,21,0.8,,0.06,,0,1,1,0,0,0,0.198,0.999,0.999,0.903,0.999,0.999,1,1,1,1,1
1000,21,0.8,,0.07,,0,1,1,0,0,0,0.218,0.998,0.999,0.917,0.999,0.998,0.999,1,0.999,0.999,1
1000,21,0.8,,0.08,,0,1,1,0,0,0,0.234,1,1,0.943,1,1,1,1,1,1,1
1000,21,0.8,,0.1,,0,1,1,0,0,0,0.247,1,0.998,0.962,0.998,1,0.998,1,0.998,0.998,1
1000,21,0.8,,0.11,,0,1,1,0,0,0,0.266,1,0.998,0.957,0.998,1,0.998,1,0.998,0.998,1
1000,21,0.8,,0.12,,0,1,1,0,0,0,0.269,1,0.999,0.968,0.999,1,0.999,1,0.999,0.999,1
1000,21,0.9,,0.02,,0.008,0.992,0.992,0,0,0,0.42,1,1,0.933,1,1,1,1,1,1,1
1000,21,0.9,,0.03,,0,1,1,0,0,0,0.449,1,1,0.956,1,1,1,1,1,1,1
1000,21,0.9,,0.04,,0,1,1,0,0,0,0.489,1,1,0.967,1,1,1,1,1,1,1
1000,21,0.9,,0.06,,0,1,1,0,0,0,0.554,1,1,0.987,1,1,1,1,1,1,1
1000,21,0.9,,0.07,,0,1,1,0,0,0,0.514,1,1,0.981,1,1,1,1,1,1,1
1000,21,0.9,,0.08,,0,1,1,0,0,0,0.522,1,1,0.992,1,1,1,1,1,1,1
1000,21,0.9,,0.1,,0,1,1,0,0,0,0.507,1,1,0.985,1,1,1,1,1,1,1
1000,21,0.9,,0.11,,0,1,1,0,0,0,0.496,1,1,0.988,1,1,1,1,1,1,1
1000,21,0.9,,0.12,,0,1,1,0,0,0,0.505,1,1,0.989,1,1,1,1,1,1,1
1000,21,0.95,,0.02,,0,1,1,0,0,0,0.705,1,1,0.985,1,1,1,1,1,1,1
1000,21,0.95,,0.03,,0,1,1,0,0,0,0.725,1,1,0.992,1,1,1,1,1,1,1
1000,21,0.95,,0.04,,0,1,1,0,0,0,0.739,1,1,0.997,1,1,1,1,1,1,1
1000,21,0.95,,0.06,,0,1,1,0,0,0,0.731,1,1,0.99,1,1,1,1,1,1,1
1000,21,0.95,,0.07,,0,1,1,0,0,0,0.696,1,1,0.988,1,1,1,1,1,1,1
1000,21,0.95,,0.08,,0,1,1,0,0,0,0.659,1,1,0.994,1,1,1,1,1,1,1
1000,21,0.95,,0.1,,0,1,1,0,0,0,0.632,1,1,0.99,1,1,1,1,1,1,1
1000,21,0.95,,0.11,,0,1,1,0,0,0,0.61,1,1,0.986,1,1,1,1,1,1,1
1000,21,0.95,,0.12,,0,1,1,0,0,0,0.584,1,1,0.991,1,1,1,1,1,1,1
1000,21,1,,0.02,,0,1,1,0,0,0,0.941,1,1,1,1,1,1,1,1,1,1
1000,21,1,,0.03,,0,1,1,0,0,0,0.928,1,1,0.999,1,1,1,1,1,1,1
1000,21,1,,0.04,,0,1,1,0,0,0,0.87,1,1,0.999,1,1,1,1,1,1,1
1000,21,1,,0.06,,0,1,1,0,0,0,0.814,1,1,0.996,1,1,1,1,1,1,1
1000,21,1,,0.07,,0,1,1,0,0,0,0.81,1,1,0.991,1,1,1,1,1,1,1
1000,21,1,,0.08,,0,1,1,0,0,0,0.759,1,1,0.995,1,1,1,1,1,1,1
1000,21,1,,0.1,,0,1,1,0,0,0,0.718,1,1,0.994,1,1,1,1,1,1,1
1000,21,1,,0.11,,0,1,1,0,0,0,0.697,1,1,0.996,1,1,1,1,1,1,1
1000,21,1,,0.12,,0,1,1,0,0,0,0.675,1,1,0.994,1,1,1,1,1,1,1
1000,31,0.5,,0.03,,0,1,1,,0,0,0,0.628,0.625,0.549,0.625,0.636,0.821,1,0.821,0.901,0.92
1000,31,0.5,,0.04,,0,1,1,,0,0,0,0.668,0.632,0.575,0.632,0.646,0.85,1,0.85,0.92,0.93
1000,31,0.5,,0.06,,0,1,1,,0,0,0,0.734,0.708,0.639,0.708,0.735,0.818,1,0.818,0.897,0.921
1000,31,0.5,,0.07,,0,1,1,,0,0,0.001,0.767,0.753,0.639,0.753,0.761,0.858,1,0.858,0.924,0.934
1000,31,0.5,,0.08,,0,1,1,,0,0,0.001,0.798,0.765,0.697,0.765,0.788,0.847,1,0.847,0.919,0.928
1000,31,0.5,,0.1,,0,1,1,,0,0,0.001,0.862,0.82,0.742,0.82,0.85,0.878,1,0.878,0.934,0.944
1000,31,0.5,,0.11,,0,1,1,,0,0,0.003,0.9,0.838,0.757,0.838,0.877,0.878,1,0.878,0.935,0.943
1000,31,0.5,,0.12,,0,1,1,,0,0,0.004,0.926,0.878,0.792,0.878,0.905,0.902,1,0.902,0.947,0.955
1000,31,0.55,,0.02,,0,1,1,,0,0,0.001,0.726,0.716,0.595,0.716,0.725,0.914,1,0.914,0.929,0.985
1000,31,0.55,,0.03,,0,1,1,,0,0,0,0.75,0.744,0.592,0.744,0.75,0.876,1,0.876,0.926,0.95
1000,31,0.55,,0.04,,0,1,1,,0,0,0,0.77,0.758,0.639,0.758,0.776,0.874,1,0.874,0.92,0.954
1000,31,0.55,,0.06,,0,1,1,,0,0,0,0.832,0.799,0.686,0.799,0.807,0.873,1,0.873,0.926,0.947
1000,31,0.55,,0.07,,0,1,1,,0,0,0.003,0.857,0.824,0.734,0.824,0.837,0.881,1,0.881,0.929,0.952
1000,31,0.55,,0.08,,0,1,1,,0,0,0.001,0.893,0.854,0.741,0.854,0.891,0.897,1,0.897,0.935,0.962
1000,31,0.55,,0.1,,0,1,1,,0,0,0.003,0.922,0.867,0.772,0.867,0.901,0.899,1,0.899,0.946,0.953
1000,31,0.55,,0.11,,0,1,1,,0,0,0.002,0.949,0.892,0.777,0.892,0.927,0.915,1,0.915,0.949,0.966
1000,31,0.55,,0.12,,0,1,1,,0,0,0.004,0.954,0.91,0.825,0.91,0.94,0.928,1,0.928,0.954,0.974
1000,31,0.6,,0.02,,0,1,1,,0,0,0,0.881,0.882,0.657,0.882,0.881,0.973,1,0.973,0.973,1
1000,31,0.6,,0.03,,0,1,1,,0,0,0,0.888,0.877,0.664,0.877,0.887,0.955,1,0.955,0.958,0.997
1000,31,0.6,,0.04,,0,1,1,,0,0,0,0.893,0.861,0.66,0.861,0.887,0.934,1,0.934,0.944,0.99
1000,31,0.6,,0.06,,0,1,1,,0,0,0.001,0.926,0.89,0.731,0.89,0.913,0.928,1,0.928,0.951,0.977
1000,31,0.6,,0.07,,0,1,1,,0,0,0.001,0.938,0.901,0.748,0.901,0.926,0.925,1,0.925,0.955,0.97
1000,31,0.6,,0.08,,0,1,1,,0,0,0.002,0.944,0.889,0.753,0.889,0.926,0.921,1,0.921,0.943,0.978
1000,31,0.6,,0.1,,0,1,1,,0,0,0.002,0.961,0.926,0.824,0.926,0.938,0.949,1,0.949,0.974,0.975
1000,31,0.6,,0.11,,0,1,1,,0,0,0.005,0.973,0.936,0.81,0.936,0.964,0.953,1,0.953,0.966,0.987
1000,31,0.6,,0.12,,0,1,1,,0,0,0.003,0.98,0.945,0.873,0.945,0.965,0.949,1,0.949,0.972,0.977
1000,31,0.7,,0.02,,0,1,1,,0,0,0.004,0.988,0.989,0.725,0.989,0.988,0.999,1,0.999,0.999,1
1000,31,0.7,,0.03,,0,1,1,,0,0,0.012,0.989,0.99,0.762,0.99,0.989,0.997,1,0.997,0.997,1
1000,31,0.7,,0.04,,0,1,1,,0,0,0.012,0.992,0.991,0.791,0.991,0.992,0.999,1,0.999,0.999,1
1000,31,0.7,,0.06,,0,1,1,,0,0,0.015,0.986,0.983,0.814,0.983,0.985,0.987,1,0.987,0.992,0.995
1000,31,0.7,,0.07,,0,1,1,,0,0,0.014,0.994,0.989,0.834,0.989,0.994,0.993,1,0.993,0.995,0.998
1000,31,0.7,,0.08,,0,1,1,,0,0,0.027,0.999,0.997,0.875,0.997,0.999,0.998,1,0.998,0.998,1
1000,31,0.7,,0.1,,0,1,1,,0,0,0.031,0.996,0.988,0.909,0.988,0.99,0.99,1,0.99,0.996,0.994
1000,31,0.7,,0.11,,0,1,1,,0,0,0.026,0.999,0.993,0.921,0.993,0.998,0.992,1,0.992,0.995,0.997
1000,31,0.7,,0.12,,0,1,1,,0,0,0.032,0.999,0.993,0.92,0.993,0.996,0.992,1,0.992,0.995,0.997
1000,31,0.75,,0.02,,0,1,1,,0,0,0.013,0.998,0.998,0.805,0.998,0.998,1,1,1,1,1
1000,31,0.75,,0.03,,0,1,1,,0,0,0.02,0.998,0.998,0.815,0.998,0.998,1,1,1,1,1
1000,31,0.75,,0.04,,0,1,1,,0,0,0.027,0.999,0.999,0.844,0.999,0.999,1,1,1,1,1
1000,31,0.75,,0.06,,0,1,1,,0,0,0.033,0.998,0.999,0.854,0.999,0.998,0.999,1,0.999,0.999,1
1000,31,0.75,,0.07,,0,1,1,,0,0,0.03,1,0.999,0.901,0.999,1,0.999,1,0.999,0.999,1
1000,31,0.75,,0.08,,0,1,1,,0,0,0.044,0.999,0.998,0.915,0.998,0.998,0.997,1,0.997,0.998,0.999
1000,31,0.75,,0.1,,0,1,1,,0,0,0.067,1,0.999,0.933,0.999,1,0.999,1,0.999,0.999,1
1000,31,0.75,,0.11,,0,1,1,,0,0,0.052,0.999,0.997,0.953,0.997,0.998,0.998,1,0.998,0.999,0.999
1000,31,0.75,,0.12,,0,1,1,,0,0,0.076,1,1,0.955,1,1,1,1,1,1,1
1000,31,0.8,,0.02,,0,1,1,,0,0,0.031,1,1,0.834,1,1,1,1,1,1,1
1000,31,0.8,,0.03,,0,1,1,,0,0,0.047,0.999,0.999,0.863,0.999,0.999,1,1,1,1,1
1000,31,0.8,,0.04,,0,1,1,,0,0,0.073,1,1,0.861,1,1,1,1,1,1,1
1000,31,0.8,,0.06,,0,1,1,,0,0,0.088,1,1,0.925,1,1,1,1,1,1,1
1000,31,0.8,,0.07,,0,1,1,,0,0,0.086,1,1,0.945,1,1,1,1,1,1,1
1000,31,0.8,,0.08,,0,1,1,,0,0,0.113,1,1,0.943,1,1,1,1,1,1,1
1000,31,0.8,,0.1,,0,1,1,,0,0,0.128,1,1,0.958,1,1,1,1,1,1,1
1000,31,0.8,,0.11,,0,1,1,,0,0,0.156,1,1,0.977,1,1,1,1,1,1,1
1000,31,0.8,,0.12,,0,1,1,,0,0,0.134,1,1,0.974,1,1,1,1,1,1,1
1000,31,0.9,,0.02,,0,1,1,,0,0,0.261,1,1,0.949,1,1,1,1,1,1,1
1000,31,0.9,,0.03,,0,1,1,,0,0,0.32,1,1,0.959,1,1,1,1,1,1,1
1000,31,0.9,,0.04,,0,1,1,,0,0,0.331,1,1,0.975,1,1,1,1,1,1,1
1000,31,0.9,,0.06,,0,1,1,,0,0,0.402,1,1,0.982,1,1,1,1,1,1,1
1000,31,0.9,,0.07,,0,1,1,,0,0,0.397,1,1,0.989,1,1,1,1,1,1,1
1000,31,0.9,,0.08,,0,1,1,,0,0,0.391,1,1,0.989,1,1,1,1,1,1,1
1000,31,0.9,,0.1,,0,1,1,,0,0,0.38,1,1,0.989,1,1,1,1,1,1,1
1000,31,0.9,,0.11,,0,1,1,,0,0,0.344,1,1,0.989,1,1,1,1,1,1,1
1000,31,0.9,,0.12,,0,1,1,,0,0,0.356,1,1,0.989,1,1,1,1,1,1,1
1000,31,0.95,,0.02,,0,1,1,,0,0,0.607,1,1,0.986,1,1,1,1,1,1,1
1000,31,0.95,,0.03,,0,1,1,,0,0,0.624,1,1,0.996,1,1,1,1,1,1,1
1000,31,0.95,,0.04,,0,1,1,,0,0,0.62,1,1,0.998,1,1,1,1,1,1,1
1000,31,0.95,,0.06,,0,1,1,,0,0,0.591,1,1,0.996,1,1,1,1,1,1,1
1000,31,0.95,,0.07,,0,1,1,,0,0,0.565,1,1,0.992,1,1,1,1,1,1,1
1000,31,0.95,,0.08,,0,1,1,,0,0,0.541,1,1,0.991,1,1,1,1,1,1,1
1000,31,0.95,,0.1,,0,1,1,,0,0,0.521,1,1,0.997,1,1,1,1,1,1,1
1000,31,0.95,,0.11,,0,1,1,,0,0,0.503,1,1,0.993,1,1,1,1,1,1,1
1000,31,0.95,,0.12,,0,1,1,,0,0,0.446,1,1,0.998,1,1,1,1,1,1,1
1000,31,1,,0.02,,0,1,1,,0,0,0.924,1,1,0.999,1,1,1,1,1,1,1
1000,31,1,,0.03,,0,1,1,,0,0,0.877,1,1,0.998,1,1,1,1,1,1,1
1000,31,1,,0.04,,0,1,1,,0,0,0.827,1,1,1,1,1,1,1,1,1,1
1000,31,1,,0.06,,0,1,1,,0,0,0.728,1,1,1,1,1,1,1,1,1,1
1000,31,1,,0.07,,0,1,1,,0,0,0.716,1,1,0.998,1,1,1,1,1,1,1
1000,31,1,,0.08,,0,1,1,,0,0,0.656,1,1,0.998,1,1,1,1,1,1,1
1000,31,1,,0.1,,0,1,1,,0,0,0.613,1,1,0.994,1,1,1,1,1,1,1
1000,31,1,,0.11,,0,1,1,,0,0,0.588,1,1,0.997,1,1,1,1,1,1,1
1000,31,1,,0.12,,0,1,1,,0,0,0.567,1,1,0.99,1,1,1,1,1,1,1
1000,41,0.5,,0.02,,0,1,1,,0,0,0,0.602,0.575,0.552,0.575,0.591,0.807,1,0.807,0.894,0.913
1000,41,0.5,,0.03,,0,1,1,,0,0,0,0.659,0.615,0.569,0.615,0.635,0.826,1,0.826,0.91,0.916
1000,41,0.5,,0.04,,0,1,1,,0,0,0,0.692,0.643,0.616,0.643,0.677,0.793,1,0.793,0.892,0.901
1000,41,0.5,,0.06,,0,1,1,,0,0,0,0.768,0.724,0.617,0.724,0.747,0.824,1,0.824,0.909,0.915
1000,41,0.5,,0.07,,0,1,1,,0,0,0,0.834,0.771,0.691,0.771,0.807,0.853,1,0.853,0.928,0.925
1000,41,0.5,,0.08,,0,1,1,,0,0,0,0.855,0.793,0.698,0.793,0.831,0.862,1,0.862,0.936,0.926
1000,41,0.5,,0.1,,0,1,1,,0,0,0,0.912,0.856,0.737,0.856,0.891,0.878,1,0.878,0.933,0.945
1000,41,0.5,,0.11,,0,1,1,,0,0,0,0.923,0.859,0.741,0.859,0.901,0.878,1,0.878,0.93,0.948
1000,41,0.5,,0.12,,0,1,1,,0,0,0,0.95,0.888,0.802,0.888,0.913,0.916,1,0.916,0.955,0.961
1000,41,0.55,,0.02,,0,1,1,,0,0,0,0.76,0.749,0.574,0.749,0.753,0.895,1,0.895,0.924,0.971
1000,41,0.55,,0.03,,0,1,1,,0,0,0,0.776,0.723,0.614,0.723,0.758,0.891,1,0.891,0.929,0.962
1000,41,0.55,,0.04,,0,1,1,,0,0,0,0.8,0.766,0.634,0.766,0.783,0.872,1,0.872,0.917,0.955
1000,41,0.55,,0.06,,0,1,1,,0,0,0,0.866,0.829,0.721,0.829,0.851,0.879,1,0.879,0.936,0.943
1000,41,0.55,,0.07,,0,1,1,,0,0,0,0.896,0.846,0.706,0.846,0.879,0.896,1,0.896,0.935,0.961
1000,41,0.55,,0.08,,0,1,1,,0,0,0,0.917,0.872,0.729,0.872,0.901,0.923,1,0.923,0.955,0.968
1000,41,0.55,,0.1,,0,1,1,,0,0,0.002,0.943,0.897,0.802,0.897,0.921,0.918,1,0.918,0.958,0.96
1000,41,0.55,,0.11,,0,1,1,,0,0,0,0.955,0.913,0.83,0.913,0.938,0.938,1,0.938,0.967,0.971
1000,41,0.55,,0.12,,0,1,1,,0,0,0.001,0.971,0.92,0.824,0.92,0.946,0.937,1,0.937,0.97,0.967
1000,41,0.6,,0.02,,0,1,1,,0,0,0,0.9,0.896,0.619,0.896,0.9,0.978,1,0.978,0.978,1
1000,41,0.6,,0.03,,0,1,1,,0,0,0,0.928,0.918,0.647,0.918,0.927,0.96,1,0.96,0.965,0.995
1000,41,0.6,,0.04,,0,1,1,,0,0,0,0.916,0.902,0.685,0.902,0.916,0.944,1,0.944,0.96,0.984
1000,41,0.6,,0.06,,0,1,1,,0,0,0,0.938,0.919,0.693,0.919,0.937,0.943,1,0.943,0.96,0.983
1000,41,0.6,,0.07,,0,1,1,,0,0,0.001,0.945,0.919,0.745,0.919,0.936,0.95,1,0.95,0.967,0.983
1000,41,0.6,,0.08,,0,1,1,,0,0,0,0.958,0.949,0.764,0.949,0.963,0.963,1,0.963,0.972,0.991
1000,41,0.6,,0.1,,0,1,1,,0,0,0.001,0.978,0.943,0.821,0.943,0.969,0.959,1,0.959,0.974,0.985
1000,41,0.6,,0.11,,0,1,1,,0,0,0,0.989,0.962,0.818,0.962,0.978,0.969,1,0.969,0.98,0.989
1000,41,0.6,,0.12,,0,1,1,,0,0,0.001,0.993,0.972,0.869,0.972,0.988,0.969,1,0.969,0.98,0.989
1000,41,0.7,,0.02,,0,1,1,,0,0,0,0.998,0.998,0.741,0.998,0.998,1,1,1,1,1
1000,41,0.7,,0.03,,0,1,1,,0,0,0.001,0.994,0.995,0.771,0.995,0.994,0.999,1,0.999,0.999,1
1000,41,0.7,,0.04,,0,1,1,,0,0,0.001,0.999,0.998,0.796,0.998,0.999,0.997,1,0.997,0.997,1
1000,41,0.7,,0.06,,0,1,1,,0,0,0.003,0.998,0.996,0.822,0.996,0.996,0.998,1,0.998,1,0.998
1000,41,0.7,,0.07,,0,1,1,,0,0,0.007,0.999,0.998,0.841,0.998,0.999,0.999,1,0.999,0.999,1
1000,41,0.7,,0.08,,0,1,1,,0,0,0.004,1,1,0.866,1,1,1,1,1,1,1
1000,41,0.7,,0.1,,0,1,1,,0,0,0.011,1,0.999,0.915,0.999,1,0.999,1,0.999,0.999,1
1000,41,0.7,,0.11,,0,1,1,,0,0,0.005,0.999,0.995,0.929,0.995,0.999,0.996,1,0.996,0.996,1
1000,41,0.7,,0.12,,0,1,1,,0,0,0.013,1,0.999,0.944,0.999,1,0.999,1,0.999,0.999,1
1000,41,0.75,,0.02,,0,1,1,,0,0,0.002,1,1,0.79,1,1,1,1,1,1,1
1000,41,0.75,,0.03,,0,1,1,,0,0,0.008,1,1,0.817,1,1,1,1,1,1,1
1000,41,0.75,,0.04,,0,1,1,,0,0,0.009,1,1,0.829,1,1,1,1,1,1,1
1000,41,0.75,,0.06,,0,1,1,,0,0,0.01,1,1,0.872,1,1,1,1,1,1,1
1000,41,0.75,,0.07,,0,1,1,,0,0,0.011,0.999,0.998,0.909,0.998,0.999,0.997,1,0.997,0.997,1
1000,41,0.75,,0.08,,0,1,1,,0,0,0.019,1,1,0.91,1,1,1,1,1,1,1
1000,41,0.75,,0.1,,0,1,1,,0,0,0.03,1,1,0.947,1,1,1,1,1,1,1
1000,41,0.75,,0.11,,0,1,1,,0,0,0.03,1,1,0.946,1,1,1,1,1,1,1
1000,41,0.75,,0.12,,0,1,1,,0,0,0.033,1,0.998,0.965,0.998,0.999,0.998,1,0.998,0.999,0.999
1000,41,0.8,,0.02,,0,1,1,,0,0,0.028,1,1,0.834,1,1,1,1,1,1,1
1000,41,0.8,,0.03,,0,1,1,,0,0,0.017,1,1,0.864,1,1,1,1,1,1,1
1000,41,0.8,,0.04,,0,1,1,,0,0,0.026,1,1,0.87,1,1,1,1,1,1,1
1000,41,0.8,,0.06,,0,1,1,,0,0,0.04,1,1,0.92,1,1,1,1,1,1,1
1000,41,0.8,,0.07,,0,1,1,,0,0,0.04,1,1,0.949,1,1,1,1,1,1,1
1000,41,0.8,,0.08,,0,1,1,,0,0,0.04,1,1,0.956,1,1,1,1,1,1,1
1000,41,0.8,,0.1,,0,1,1,,0,0,0.066,1,1,0.979,1,1,1,1,1,1,1
1000,41,0.8,,0.11,,0,1,1,,0,0,0.076,1,1,0.975,1,1,1,1,1,1,1
1000,41,0.8,,0.12,,0,1,1,,0,0,0.062,1,1,0.976,1,1,1,1,1,1,1
1000,41,0.9,,0.02,,0,1,1,,0,0,0.196,1,1,0.938,1,1,1,1,1,1,1
1000,41,0.9,,0.03,,0,1,1,,0,0,0.198,1,1,0.97,1,1,1,1,1,1,1
1000,41,0.9,,0.04,,0,1,1,,0,0,0.229,1,1,0.982,1,1,1,1,1,1,1
1000,41,0.9,,0.06,,0,1,1,,0,0,0.256,1,1,0.99,1,1,1,1,1,1,1
1000,41,0.9,,0.07,,0,1,1,,0,0,0.31,1,1,0.986,1,1,1,1,1,1,1
1000,41,0.9,,0.08,,0,1,1,,0,0,0.298,1,1,0.994,1,1,1,1,1,1,1
1000,41,0.9,,0.1,,0,1,1,,0,0,0.258,1,1,0.992,1,1,1,1,1,1,1
1000,41,0.9,,0.11,,0,1,1,,0,0,0.275,1,1,0.987,1,1,1,1,1,1,1
1000,41,0.9,,0.12,,0,1,1,,0,0,0.245,1,1,0.993,1,1,1,1,1,1,1
1000,41,0.95,,0.02,,0,1,1,,0,0,0.481,1,1,0.99,1,1,1,1,1,1,1
1000,41,0.95,,0.03,,0,1,1,,0,0,0.572,1,1,0.995,1,1,1,1,1,1,1
1000,41,0.95,,0.04,,0,1,1,,0,0,0.537,1,1,0.993,1,1,1,1,1,1,1
1000,41,0.95,,0.06,,0,1,1,,0,0,0.52,1,1,0.997,1,1,1,1,1,1,1
1000,41,0.95,,0.07,,0,1,1,,0,0,0.426,1,1,0.994,1,1,1,1,1,1,1
1000,41,0.95,,0.08,,0,1,1,,0,0,0.428,1,1,0.994,1,1,1,1,1,1,1
1000,41,0.95,,0.1,,0,1,1,,0,0,0.404,1,1,0.994,1,1,1,1,1,1,1
1000,41,0.95,,0.11,,0,1,1,,0,0,0.346,1,1,0.998,1,1,1,1,1,1,1
1000,41,0.95,,0.12,,0,1,1,,0,0,0.336,1,1,0.996,1,1,1,1,1,1,1
1000,41,1,,0.02,,0,1,1,,0,0,0.889,1,1,0.998,1,1,1,1,1,1,1
1000,41,1,,0.03,,0,1,1,,0,0,0.815,1,1,0.999,1,1,1,1,1,1,1
1000,41,1,,0.04,,0,1,1,,0,0,0.764,1,1,0.999,1,1,1,1,1,1,1
1000,41,1,,0.06,,0,1,1,,0,0,0.703,1,1,1,1,1,1,1,1,1,1
1000,41,1,,0.07,,0,1,1,,0,0,0.643,1,1,0.997,1,1,1,1,1,1,1
1000,41,1,,0.08,,0,1,1,,0,0,0.615,1,1,0.995,1,1,1,1,1,1,1
1000,41,1,,0.1,,0,1,1,,0,0,0.504,1,1,0.997,1,1,1,1,1,1,1
1000,41,1,,0.11,,0,1,1,,0,0,0.485,1,1,0.997,1,1,1,1,1,1,1
1000,41,1,,0.12,,0,1,1,,0,0,0.457,1,1,0.994,1,1,1,1,1,1,1
1000,51,0.5,,0.02,,0,1,1,,0,0,0,0.616,0.583,0.522,0.583,0.611,0.811,1,0.811,0.914,0.897
1000,51,0.5,,0.03,,0,1,1,,0,0,0,0.717,0.666,0.6,0.666,0.695,0.815,1,0.815,0.911,0.904
1000,51,0.5,,0.04,,0,1,1,,0,0,0,0.732,0.665,0.608,0.665,0.697,0.801,1,0.801,0.896,0.905
1000,51,0.5,,0.06,,0,1,1,,0,0,0,0.817,0.755,0.652,0.755,0.795,0.838,1,0.838,0.92,0.918
1000,51,0.5,,0.07,,0,1,1,,0,0,0,0.858,0.786,0.692,0.786,0.815,0.872,1,0.872,0.941,0.931
1000,51,0.5,,0.08,,0,1,1,,0,0,0,0.878,0.831,0.685,0.831,0.851,0.869,1,0.869,0.946,0.923
1000,51,0.5,,0.1,,0,1,1,,0,0,0,0.924,0.86,0.745,0.86,0.896,0.9,1,0.9,0.948,0.952
1000,51,0.5,,0.11,,0,1,1,,0,0,0,0.944,0.884,0.765,0.884,0.912,0.908,1,0.908,0.952,0.956
1000,51,0.5,,0.12,,0,1,1,,0,0,0,0.954,0.916,0.806,0.916,0.924,0.932,1,0.932,0.978,0.954
1000,51,0.55,,0.02,,0,1,1,,0,0,0,0.791,0.79,0.605,0.79,0.793,0.907,1,0.907,0.933,0.974
1000,51,0.55,,0.03,,0,1,1,,0,0,0,0.817,0.807,0.595,0.807,0.82,0.918,1,0.918,0.949,0.969
1000,51,0.55,,0.04,,0,1,1,,0,0,0,0.842,0.796,0.651,0.796,0.812,0.884,1,0.884,0.932,0.952
1000,51,0.55,,0.06,,0,1,1,,0,0,0,0.886,0.826,0.697,0.826,0.853,0.88,1,0.88,0.939,0.941
1000,51,0.55,,0.07,,0,1,1,,0,0,0,0.92,0.865,0.721,0.865,0.892,0.909,1,0.909,0.947,0.962
1000,51,0.55,,0.08,,0,1,1,,0,0,0,0.929,0.9,0.74,0.9,0.906,0.913,1,0.913,0.962,0.951
1000,51,0.55,,0.1,,0,1,1,,0,0,0,0.974,0.927,0.792,0.927,0.952,0.943,1,0.943,0.969,0.974
1000,51,0.55,,0.11,,0,1,1,,0,0,0,0.973,0.937,0.803,0.937,0.958,0.952,1,0.952,0.973,0.979
1000,51,0.55,,0.12,,0,1,1,,0,0,0.001,0.98,0.951,0.843,0.951,0.971,0.955,1,0.955,0.974,0.981
1000,51,0.6,,0.02,,0,1,1,,0,0,0,0.934,0.932,0.646,0.932,0.935,0.978,1,0.978,0.981,0.997
1000,51,0.6,,0.03,,0,1,1,,0,0,0,0.924,0.917,0.674,0.917,0.921,0.969,1,0.969,0.978,0.991
1000,51,0.6,,0.04,,0,1,1,,0,0,0,0.944,0.934,0.703,0.934,0.95,0.954,1,0.954,0.97,0.984
1000,51,0.6,,0.06,,0,1,1,,0,0,0,0.965,0.945,0.735,0.945,0.958,0.956,1,0.956,0.973,0.983
1000,51,0.6,,0.07,,0,1,1,,0,0,0,0.957,0.951,0.739,0.951,0.95,0.962,1,0.962,0.987,0.975
1000,51,0.6,,0.08,,0,1,1,,0,0,0,0.976,0.954,0.775,0.954,0.97,0.956,1,0.956,0.976,0.98
1000,51,0.6,,0.1,,0,1,1,,0,0,0.001,0.986,0.972,0.843,0.972,0.984,0.98,1,0.98,0.984,0.996
1000,51,0.6,,0.11,,0,1,1,,0,0,0,0.993,0.978,0.846,0.978,0.988,0.983,1,0.983,0.99,0.993
1000,51,0.6,,0.12,,0,1,1,,0,0,0.002,0.995,0.982,0.867,0.982,0.988,0.985,1,0.985,0.992,0.993
1000,51,0.7,,0.02,,0,1,1,,0,0,0,0.999,1,0.75,1,0.999,0.999,1,0.999,0.999,1
1000,51,0.7,,0.03,,0,1,1,,0,0,0,0.996,0.996,0.767,0.996,0.996,1,1,1,1,1
1000,51,0.7,,0.04,,0,1,1,,0,0,0.002,0.999,0.999,0.776,0.999,0.998,0.998,1,0.998,0.999,0.999
1000,51,0.7,,0.06,,0,1,1,,0,0,0,0.998,0.997,0.831,0.997,0.998,0.997,1,0.997,0.997,1
1000,51,0.7,,0.07,,0,1,1,,0,0,0.001,1,1,0.847,1,1,1,1,1,1,1
1000,51,0.7,,0.08,,0,1,1,,0,0,0.002,1,1,0.866,1,1,1,1,1,1,1
1000,51,0.7,,0.1,,0,1,1,,0,0,0.002,0.999,1,0.897,1,0.999,0.999,1,0.999,0.999,1
1000,51,0.7,,0.11,,0,1,1,,0,0,0.002,1,1,0.944,1,1,1,1,1,1,1
1000,51,0.7,,0.12,,0,1,1,,0,0,0.007,1,1,0.94,1,1,1,1,1,1,1
1000,51,0.75,,0.02,,0,1,1,,0,0,0.001,0.999,0.999,0.787,0.999,0.999,1,1,1,1,1
1000,51,0.75,,0.03,,0,1,1,,0,0,0.001,1,1,0.814,1,1,1,1,1,1,1
1000,51,0.75,,0.04,,0,1,1,,0,0,0.003,1,1,0.819,1,1,1,1,1,1,1
1000,51,0.75,,0.06,,0,1,1,,0,0,0.002,1,1,0.878,1,1,1,1,1,1,1
1000,51,0.75,,0.07,,0,1,1,,0,0,0.002,1,1,0.905,1,1,1,1,1,1,1
1000,51,0.75,,0.08,,0,1,1,,0,0,0.007,0.999,1,0.941,1,0.999,0.999,1,0.999,0.999,1
1000,51,0.75,,0.1,,0,1,1,,0,0,0.013,1,1,0.959,1,1,1,1,1,1,1
1000,51,0.75,,0.11,,0,1,1,,0,0,0.005,1,1,0.95,1,1,1,1,1,1,1
1000,51,0.75,,0.12,,0,1,1,,0,0,0.014,1,1,0.966,1,1,1,1,1,1,1
1000,51,0.8,,0.02,,0,1,1,,0,0,0.009,1,1,0.849,1,1,1,1,1,1,1
1000,51,0.8,,0.03,,0,1,1,,0,0,0.01,1,1,0.865,1,1,1,1,1,1,1
1000,51,0.8,,0.04,,0,1,1,,0,0,0.008,1,1,0.875,1,1,1,1,1,1,1
1000,51,0.8,,0.06,,0,1,1,,0,0,0.02,1,1,0.949,1,1,1,1,1,1,1
1000,51,0.8,,0.07,,0,1,1,,0,0,0.021,1,1,0.956,1,1,1,1,1,1,1
1000,51,0.8,,0.08,,0,1,1,,0,0,0.022,1,1,0.964,1,1,1,1,1,1,1
1000,51,0.8,,0.1,,0,1,1,,0,0,0.036,1,1,0.979,1,1,1,1,1,1,1
1000,51,0.8,,0.11,,0,1,1,,0,0,0.043,1,1,0.977,1,1,1,1,1,1,1
1000,51,0.8,,0.12,,0,1,1,,0,0,0.041,1,1,0.986,1,1,1,1,1,1,1
1000,51,0.9,,0.02,,0,1,1,,0,0,0.099,1,1,0.959,1,1,1,1,1,1,1
1000,51,0.9,,0.03,,0,1,1,,0,0,0.162,1,1,0.964,1,1,1,1,1,1,1
1000,51,0.9,,0.04,,0,1,1,,0,0,0.167,1,1,0.982,1,1,1,1,1,1,1
1000,51,0.9,,0.06,,0,1,1,,0,0,0.208,1,1,0.993,1,1,1,1,1,1,1
1000,51,0.9,,0.07,,0,1,1,,0,0,0.16,1,1,0.995,1,1,1,1,1,1,1
1000,51,0.9,,0.08,,0,1,1,,0,0,0.208,1,1,0.993,1,1,1,1,1,1,1
1000,51,0.9,,0.1,,0,1,1,,0,0,0.191,1,1,0.994,1,1,1,1,1,1,1
1000,51,0.9,,0.11,,0,1,1,,0,0,0.179,1,1,0.991,1,1,1,1,1,1,1
1000,51,0.9,,0.12,,0,1,1,,0,0,0.15,1,1,0.993,1,1,1,1,1,1,1
1000,51,0.95,,0.02,,0,1,1,,0,0,0.429,1,1,0.988,1,1,1,1,1,1,1
1000,51,0.95,,0.03,,0,1,1,,0,0,0.452,1,1,0.999,1,1,1,1,1,1,1
1000,51,0.95,,0.04,,0,1,1,,0,0,0.486,1,1,0.996,1,1,1,1,1,1,1
1000,51,0.95,,0.06,,0,1,1,,0,0,0.408,1,1,0.996,1,1,1,1,1,1,1
1000,51,0.95,,0.07,,0,1,1,,0,0,0.377,1,1,0.998,1,1,1,1,1,1,1
1000,51,0.95,,0.08,,0,1,1,,0,0,0.359,1,1,0.997,1,1,1,1,1,1,1
1000,51,0.95,,0.1,,0,1,1,,0,0,0.328,1,1,0.997,1,1,1,1,1,1,1
1000,51,0.95,,0.11,,0,1,1,,0,0,0.296,1,1,0.998,1,1,1,1,1,1,1
1000,51,0.95,,0.12,,0,1,1,,0,0,0.282,1,1,0.997,1,1,1,1,1,1,1
1000,51,1,,0.02,,0,1,1,,0,0,0.833,1,1,0.998,1,1,1,1,1,1,1
1000,51,1,,0.03,,0,1,1,,0,0,0.769,1,1,1,1,1,1,1,1,1,1
1000,51,1,,0.04,,0,1,1,,0,0,0.687,1,1,0.999,1,1,1,1,1,1,1
1000,51,1,,0.06,,0,1,1,,0,0,0.644,1,1,0.998,1,1,1,1,1,1,1
1000,51,1,,0.07,,0,1,1,,0,0,0.566,1,1,1,1,1,1,1,1,1,1
1000,51,1,,0.08,,0,1,1,,0,0,0.516,1,1,0.998,1,1,1,1,1,1,1
1000,51,1,,0.1,,0,1,1,,0,0,0.463,1,1,0.997,1,1,1,1,1,1,1
1000,51,1,,0.11,,0,1,1,,0,0,0.403,1,1,0.999,1,1,1,1,1,1,1
1000,51,1,,0.12,,0,1,1,,0,0,0.378,1,1,0.995,1,1,1,1,1,1,1
