voters,distribution,mean,std,iterations,true_mean,optimal_correct,optimal_correct_minus_mean,optimal_correct_minus_true_mean,majority_correct,majority_correct_minus_mean,majority_correct_minus_true_mean,optimal_correct_minus_majority_correct
3,uniform,0.55,0.0259807621135331,1000,0.55,0.559,0.009,0.009,0.549,-0.001,-0.001,0.01
5,uniform,0.55,0.0259807621135331,1000,0.55,0.593,0.0429999999999999,0.0429999999999999,0.577,0.0269999999999999,0.0269999999999999,0.016
7,uniform,0.55,0.0259807621135331,1000,0.55,0.63,0.0799999999999999,0.0799999999999999,0.636,0.0859999999999999,0.0859999999999999,-0.006
9,uniform,0.55,0.0259807621135331,1000,0.55,0.636,0.0859999999999999,0.0859999999999999,0.64,0.0899999999999999,0.0899999999999999,-0.004
11,uniform,0.55,0.0259807621135331,1000,0.55,0.649,0.0989999999999999,0.0989999999999999,0.645,0.0949999999999999,0.0949999999999999,0.004
21,uniform,0.55,0.0259807621135331,1000,0.55,0.709,0.1589999999999999,0.1589999999999999,0.689,0.1389999999999999,0.1389999999999999,0.02
31,uniform,0.55,0.0259807621135331,1000,0.55,0.746,0.1959999999999999,0.1959999999999999,0.725,0.1749999999999999,0.1749999999999999,0.021
41,uniform,0.55,0.0259807621135331,1000,0.55,0.758,0.2079999999999999,0.2079999999999999,0.741,0.1909999999999999,0.1909999999999999,0.017
51,uniform,0.55,0.0259807621135331,1000,0.55,0.777,0.2269999999999999,0.2269999999999999,0.752,0.2019999999999999,0.2019999999999999,0.025
3,uniform,0.6,0.0548482755730144,1000,0.6,0.647,0.047,0.047,0.643,0.043,0.043,0.004
5,uniform,0.6,0.0548482755730144,1000,0.6,0.709,0.1089999999999999,0.1089999999999999,0.677,0.077,0.077,0.032
7,uniform,0.6,0.0548482755730144,1000,0.6,0.705,0.1049999999999999,0.1049999999999999,0.714,0.1139999999999999,0.1139999999999999,-0.009
9,uniform,0.6,0.0548482755730144,1000,0.6,0.786,0.186,0.186,0.777,0.177,0.177,0.009
11,uniform,0.6,0.0548482755730144,1000,0.6,0.779,0.179,0.179,0.752,0.152,0.152,0.027
21,uniform,0.6,0.0548482755730144,1000,0.6,0.864,0.264,0.264,0.817,0.2169999999999999,0.2169999999999999,0.047
31,uniform,0.6,0.0548482755730144,1000,0.6,0.917,0.317,0.317,0.88,0.28,0.28,0.037
41,uniform,0.6,0.0548482755730144,1000,0.6,0.939,0.3389999999999999,0.3389999999999999,0.91,0.31,0.31,0.029
51,uniform,0.6,0.0548482755730144,1000,0.6,0.949,0.349,0.349,0.931,0.331,0.331,0.018
3,uniform,0.66,0.0837157890324957,1000,0.66,0.742,0.0819999999999999,0.0819999999999999,0.73,0.0699999999999999,0.0699999999999999,0.012
5,uniform,0.66,0.0837157890324957,1000,0.66,0.813,0.1529999999999999,0.1529999999999999,0.797,0.137,0.137,0.016
7,uniform,0.66,0.0837157890324957,1000,0.66,0.861,0.2009999999999999,0.2009999999999999,0.822,0.1619999999999999,0.1619999999999999,0.039
9,uniform,0.66,0.0837157890324957,1000,0.66,0.889,0.2289999999999999,0.2289999999999999,0.847,0.1869999999999999,0.1869999999999999,0.042
11,uniform,0.66,0.0837157890324957,1000,0.66,0.89,0.2299999999999999,0.2299999999999999,0.869,0.2089999999999999,0.2089999999999999,0.021
21,uniform,0.66,0.0837157890324957,1000,0.66,0.965,0.3049999999999999,0.3049999999999999,0.948,0.2879999999999999,0.2879999999999999,0.017
31,uniform,0.66,0.0837157890324957,1000,0.66,0.984,0.3239999999999999,0.3239999999999999,0.97,0.3099999999999999,0.3099999999999999,0.014
41,uniform,0.66,0.0837157890324957,1000,0.66,0.996,0.3359999999999999,0.3359999999999999,0.981,0.3209999999999999,0.3209999999999999,0.015
51,uniform,0.66,0.0837157890324957,1000,0.66,0.999,0.3389999999999999,0.3389999999999999,0.996,0.3359999999999999,0.3359999999999999,0.003
3,uniform,0.7,0.112583302491977,1000,0.7,0.836,0.136,0.136,0.818,0.118,0.118,0.018
5,uniform,0.7,0.112583302491977,1000,0.7,0.878,0.178,0.178,0.851,0.151,0.151,0.027
7,uniform,0.7,0.112583302491977,1000,0.7,0.923,0.2230000000000001,0.2230000000000001,0.89,0.19,0.19,0.033
9,uniform,0.7,0.112583302491977,1000,0.7,0.935,0.2350000000000001,0.2350000000000001,0.893,0.193,0.193,0.042
11,uniform,0.7,0.112583302491977,1000,0.7,0.953,0.253,0.253,0.919,0.219,0.219,0.034
21,uniform,0.7,0.112583302491977,1000,0.7,0.988,0.288,0.288,0.965,0.265,0.265,0.023
31,uniform,0.7,0.112583302491977,1000,0.7,0.994,0.294,0.294,0.992,0.292,0.292,0.002
41,uniform,0.7,0.112583302491977,1000,0.7,0.999,0.299,0.299,0.999,0.299,0.299,0.0
51,uniform,0.7,0.112583302491977,1000,0.7,0.998,0.298,0.298,0.998,0.298,0.298,0.0
3,uniform,0.75,0.1385640646055101,1000,0.75,0.873,0.123,0.123,0.831,0.0809999999999999,0.0809999999999999,0.042
5,uniform,0.75,0.1385640646055101,1000,0.75,0.931,0.181,0.181,0.886,0.136,0.136,0.045
7,uniform,0.75,0.1385640646055101,1000,0.75,0.965,0.2149999999999999,0.2149999999999999,0.939,0.1889999999999999,0.1889999999999999,0.026
9,uniform,0.75,0.1385640646055101,1000,0.75,0.979,0.2289999999999999,0.2289999999999999,0.96,0.2099999999999999,0.2099999999999999,0.019
11,uniform,0.75,0.1385640646055101,1000,0.75,0.992,0.242,0.242,0.964,0.2139999999999999,0.2139999999999999,0.028
21,uniform,0.75,0.1385640646055101,1000,0.75,0.999,0.249,0.249,0.994,0.244,0.244,0.005
31,uniform,0.75,0.1385640646055101,1000,0.75,1.0,0.25,0.25,0.998,0.248,0.248,0.002
41,uniform,0.75,0.1385640646055101,1000,0.75,1.0,0.25,0.25,1.0,0.25,0.25,0.0
51,uniform,0.75,0.1385640646055101,1000,0.75,1.0,0.25,0.25,1.0,0.25,0.25,0.0
3,uniform,0.65,0.0288675134594812,1000,0.65,0.7,0.0499999999999999,0.0499999999999999,0.7,0.0499999999999999,0.0499999999999999,0.0
5,uniform,0.65,0.0288675134594812,1000,0.65,0.772,0.122,0.122,0.772,0.122,0.122,0.0
7,uniform,0.65,0.0288675134594812,1000,0.65,0.812,0.162,0.162,0.808,0.158,0.158,0.004
9,uniform,0.65,0.0288675134594812,1000,0.65,0.842,0.1919999999999999,0.1919999999999999,0.837,0.1869999999999999,0.1869999999999999,0.005
11,uniform,0.65,0.0288675134594812,1000,0.65,0.835,0.1849999999999999,0.1849999999999999,0.846,0.1959999999999999,0.1959999999999999,-0.011
21,uniform,0.65,0.0288675134594812,1000,0.65,0.936,0.286,0.286,0.928,0.278,0.278,0.008
31,uniform,0.65,0.0288675134594812,1000,0.65,0.953,0.3029999999999999,0.3029999999999999,0.956,0.3059999999999999,0.3059999999999999,-0.003
41,uniform,0.65,0.0288675134594812,1000,0.65,0.986,0.3359999999999999,0.3359999999999999,0.984,0.3339999999999999,0.3339999999999999,0.002
51,uniform,0.65,0.0288675134594812,1000,0.65,0.991,0.3409999999999999,0.3409999999999999,0.992,0.3419999999999999,0.3419999999999999,-0.001
3,uniform,0.7,0.0577350269189626,1000,0.7,0.764,0.064,0.064,0.773,0.073,0.073,-0.009
5,uniform,0.7,0.0577350269189626,1000,0.7,0.845,0.145,0.145,0.851,0.151,0.151,-0.006
7,uniform,0.7,0.0577350269189626,1000,0.7,0.863,0.163,0.163,0.859,0.159,0.159,0.004
9,uniform,0.7,0.0577350269189626,1000,0.7,0.908,0.208,0.208,0.897,0.197,0.197,0.011
11,uniform,0.7,0.0577350269189626,1000,0.7,0.933,0.2330000000000001,0.2330000000000001,0.925,0.2250000000000001,0.2250000000000001,0.008
21,uniform,0.7,0.0577350269189626,1000,0.7,0.979,0.279,0.279,0.976,0.276,0.276,0.003
31,uniform,0.7,0.0577350269189626,1000,0.7,0.992,0.292,0.292,0.991,0.291,0.291,0.001
41,uniform,0.7,0.0577350269189626,1000,0.7,0.999,0.299,0.299,0.996,0.296,0.296,0.003
51,uniform,0.7,0.0577350269189626,1000,0.7,1.0,0.3,0.3,1.0,0.3,0.3,0.0
3,uniform,0.75,0.0866025403784438,1000,0.75,0.854,0.1039999999999999,0.1039999999999999,0.855,0.1049999999999999,0.1049999999999999,-0.001
5,uniform,0.75,0.0866025403784438,1000,0.75,0.902,0.152,0.152,0.892,0.142,0.142,0.01
7,uniform,0.75,0.0866025403784438,1000,0.75,0.934,0.184,0.184,0.926,0.176,0.176,0.008
9,uniform,0.75,0.0866025403784438,1000,0.75,0.967,0.2169999999999999,0.2169999999999999,0.954,0.2039999999999999,0.2039999999999999,0.013
11,uniform,0.75,0.0866025403784438,1000,0.75,0.976,0.2259999999999999,0.2259999999999999,0.967,0.2169999999999999,0.2169999999999999,0.009
21,uniform,0.75,0.0866025403784438,1000,0.75,0.994,0.244,0.244,0.993,0.243,0.243,0.001
31,uniform,0.75,0.0866025403784438,1000,0.75,1.0,0.25,0.25,1.0,0.25,0.25,0.0
41,uniform,0.75,0.0866025403784438,1000,0.75,1.0,0.25,0.25,1.0,0.25,0.25,0.0
51,uniform,0.75,0.0866025403784438,1000,0.75,1.0,0.25,0.25,1.0,0.25,0.25,0.0
3,uniform,0.8,0.112583302491977,1000,0.8,0.904,0.1039999999999999,0.1039999999999999,0.89,0.0899999999999999,0.0899999999999999,0.014
5,uniform,0.8,0.112583302491977,1000,0.8,0.964,0.1639999999999999,0.1639999999999999,0.942,0.1419999999999999,0.1419999999999999,0.022
7,uniform,0.8,0.112583302491977,1000,0.8,0.98,0.1799999999999999,0.1799999999999999,0.971,0.1709999999999999,0.1709999999999999,0.009
9,uniform,0.8,0.112583302491977,1000,0.8,0.987,0.1869999999999999,0.1869999999999999,0.968,0.1679999999999999,0.1679999999999999,0.019
11,uniform,0.8,0.112583302491977,1000,0.8,0.996,0.1959999999999999,0.1959999999999999,0.992,0.1919999999999999,0.1919999999999999,0.004
21,uniform,0.8,0.112583302491977,1000,0.8,1.0,0.1999999999999999,0.1999999999999999,1.0,0.1999999999999999,0.1999999999999999,0.0
31,uniform,0.8,0.112583302491977,1000,0.8,1.0,0.1999999999999999,0.1999999999999999,1.0,0.1999999999999999,0.1999999999999999,0.0
41,uniform,0.8,0.112583302491977,1000,0.8,1.0,0.1999999999999999,0.1999999999999999,1.0,0.1999999999999999,0.1999999999999999,0.0
51,uniform,0.8,0.112583302491977,1000,0.8,1.0,0.1999999999999999,0.1999999999999999,1.0,0.1999999999999999,0.1999999999999999,0.0
3,uniform,0.75,0.0288675134594813,1000,0.75,0.836,0.0859999999999999,0.0859999999999999,0.836,0.0859999999999999,0.0859999999999999,0.0
5,uniform,0.75,0.0288675134594813,1000,0.75,0.904,0.154,0.154,0.904,0.154,0.154,0.0
7,uniform,0.75,0.0288675134594813,1000,0.75,0.936,0.186,0.186,0.935,0.185,0.185,0.001
9,uniform,0.75,0.0288675134594813,1000,0.75,0.955,0.2049999999999999,0.2049999999999999,0.956,0.2059999999999999,0.2059999999999999,-0.001
11,uniform,0.75,0.0288675134594813,1000,0.75,0.971,0.2209999999999999,0.2209999999999999,0.971,0.2209999999999999,0.2209999999999999,0.0
21,uniform,0.75,0.0288675134594813,1000,0.75,0.996,0.246,0.246,0.994,0.244,0.244,0.002
31,uniform,0.75,0.0288675134594813,1000,0.75,1.0,0.25,0.25,0.998,0.248,0.248,0.002
41,uniform,0.75,0.0288675134594813,1000,0.75,1.0,0.25,0.25,1.0,0.25,0.25,0.0
51,uniform,0.75,0.0288675134594813,1000,0.75,1.0,0.25,0.25,1.0,0.25,0.25,0.0
3,uniform,0.8,0.0577350269189626,1000,0.8,0.898,0.0979999999999999,0.0979999999999999,0.899,0.0989999999999999,0.0989999999999999,-0.001
5,uniform,0.8,0.0577350269189626,1000,0.8,0.95,0.1499999999999999,0.1499999999999999,0.951,0.1509999999999999,0.1509999999999999,-0.001
7,uniform,0.8,0.0577350269189626,1000,0.8,0.959,0.1589999999999999,0.1589999999999999,0.956,0.1559999999999999,0.1559999999999999,0.003
9,uniform,0.8,0.0577350269189626,1000,0.8,0.98,0.1799999999999999,0.1799999999999999,0.976,0.1759999999999999,0.1759999999999999,0.004
11,uniform,0.8,0.0577350269189626,1000,0.8,0.989,0.1889999999999999,0.1889999999999999,0.985,0.1849999999999999,0.1849999999999999,0.004
21,uniform,0.8,0.0577350269189626,1000,0.8,1.0,0.1999999999999999,0.1999999999999999,1.0,0.1999999999999999,0.1999999999999999,0.0
31,uniform,0.8,0.0577350269189626,1000,0.8,1.0,0.1999999999999999,0.1999999999999999,1.0,0.1999999999999999,0.1999999999999999,0.0
41,uniform,0.8,0.0577350269189626,1000,0.8,1.0,0.1999999999999999,0.1999999999999999,1.0,0.1999999999999999,0.1999999999999999,0.0
51,uniform,0.8,0.0577350269189626,1000,0.8,1.0,0.1999999999999999,0.1999999999999999,1.0,0.1999999999999999,0.1999999999999999,0.0
3,uniform,0.84,0.0837157890324957,1000,0.84,0.929,0.089,0.089,0.925,0.085,0.085,0.004
5,uniform,0.84,0.0837157890324957,1000,0.84,0.969,0.129,0.129,0.96,0.12,0.12,0.009
7,uniform,0.84,0.0837157890324957,1000,0.84,0.991,0.151,0.151,0.983,0.143,0.143,0.008
9,uniform,0.84,0.0837157890324957,1000,0.84,0.995,0.155,0.155,0.993,0.153,0.153,0.002
11,uniform,0.84,0.0837157890324957,1000,0.84,0.998,0.158,0.158,0.996,0.156,0.156,0.002
21,uniform,0.84,0.0837157890324957,1000,0.84,1.0,0.16,0.16,1.0,0.16,0.16,0.0
31,uniform,0.84,0.0837157890324957,1000,0.84,1.0,0.16,0.16,1.0,0.16,0.16,0.0
41,uniform,0.84,0.0837157890324957,1000,0.84,1.0,0.16,0.16,1.0,0.16,0.16,0.0
51,uniform,0.84,0.0837157890324957,1000,0.84,1.0,0.16,0.16,1.0,0.16,0.16,0.0
3,uniform,0.85,0.0288675134594812,1000,0.85,0.947,0.0969999999999999,0.0969999999999999,0.947,0.0969999999999999,0.0969999999999999,0.0
5,uniform,0.85,0.0288675134594812,1000,0.85,0.968,0.118,0.118,0.968,0.118,0.118,0.0
7,uniform,0.85,0.0288675134594812,1000,0.85,0.985,0.135,0.135,0.985,0.135,0.135,0.0
9,uniform,0.85,0.0288675134594812,1000,0.85,0.991,0.141,0.141,0.991,0.141,0.141,0.0
11,uniform,0.85,0.0288675134594812,1000,0.85,0.998,0.148,0.148,0.998,0.148,0.148,0.0
21,uniform,0.85,0.0288675134594812,1000,0.85,1.0,0.15,0.15,1.0,0.15,0.15,0.0
31,uniform,0.85,0.0288675134594812,1000,0.85,1.0,0.15,0.15,1.0,0.15,0.15,0.0
41,uniform,0.85,0.0288675134594812,1000,0.85,1.0,0.15,0.15,1.0,0.15,0.15,0.0
51,uniform,0.85,0.0288675134594812,1000,0.85,1.0,0.15,0.15,1.0,0.15,0.15,0.0
3,uniform,0.9,0.0548482755730144,1000,0.9,0.964,0.0639999999999999,0.0639999999999999,0.962,0.0619999999999999,0.0619999999999999,0.002
5,uniform,0.9,0.0548482755730144,1000,0.9,0.991,0.0909999999999999,0.0909999999999999,0.992,0.0919999999999999,0.0919999999999999,-0.001
7,uniform,0.9,0.0548482755730144,1000,0.9,0.999,0.0989999999999999,0.0989999999999999,0.998,0.0979999999999999,0.0979999999999999,0.001
9,uniform,0.9,0.0548482755730144,1000,0.9,0.999,0.0989999999999999,0.0989999999999999,0.999,0.0989999999999999,0.0989999999999999,0.0
11,uniform,0.9,0.0548482755730144,1000,0.9,1.0,0.0999999999999999,0.0999999999999999,1.0,0.0999999999999999,0.0999999999999999,0.0
21,uniform,0.9,0.0548482755730144,1000,0.9,1.0,0.0999999999999999,0.0999999999999999,1.0,0.0999999999999999,0.0999999999999999,0.0
31,uniform,0.9,0.0548482755730144,1000,0.9,1.0,0.0999999999999999,0.0999999999999999,1.0,0.0999999999999999,0.0999999999999999,0.0
41,uniform,0.9,0.0548482755730144,1000,0.9,1.0,0.0999999999999999,0.0999999999999999,1.0,0.0999999999999999,0.0999999999999999,0.0
51,uniform,0.9,0.0548482755730144,1000,0.9,1.0,0.0999999999999999,0.0999999999999999,1.0,0.0999999999999999,0.0999999999999999,0.0
3,uniform,0.94,0.0259807621135331,1000,0.94,0.989,0.049,0.049,0.989,0.049,0.049,0.0
5,uniform,0.94,0.0259807621135331,1000,0.94,0.996,0.056,0.056,0.996,0.056,0.056,0.0
7,uniform,0.94,0.0259807621135331,1000,0.94,0.999,0.059,0.059,0.999,0.059,0.059,0.0
9,uniform,0.94,0.0259807621135331,1000,0.94,1.0,0.06,0.06,1.0,0.06,0.06,0.0
11,uniform,0.94,0.0259807621135331,1000,0.94,1.0,0.06,0.06,1.0,0.06,0.06,0.0
21,uniform,0.94,0.0259807621135331,1000,0.94,1.0,0.06,0.06,1.0,0.06,0.06,0.0
31,uniform,0.94,0.0259807621135331,1000,0.94,1.0,0.06,0.06,1.0,0.06,0.06,0.0
41,uniform,0.94,0.0259807621135331,1000,0.94,1.0,0.06,0.06,1.0,0.06,0.06,0.0
51,uniform,0.94,0.0259807621135331,1000,0.94,1.0,0.06,0.06,1.0,0.06,0.06,0.0
3,uniform,0.55,0.0259807621135331,1000,0.55,0.573,0.0229999999999999,0.0229999999999999,0.553,0.003,0.003,0.02
5,uniform,0.55,0.0259807621135331,1000,0.55,0.587,0.0369999999999999,0.0369999999999999,0.584,0.0339999999999999,0.0339999999999999,0.003
7,uniform,0.55,0.0259807621135331,1000,0.55,0.599,0.0489999999999999,0.0489999999999999,0.578,0.0279999999999999,0.0279999999999999,0.021
9,uniform,0.55,0.0259807621135331,1000,0.55,0.606,0.0559999999999999,0.0559999999999999,0.609,0.0589999999999999,0.0589999999999999,-0.003
11,uniform,0.55,0.0259807621135331,1000,0.55,0.642,0.0919999999999999,0.0919999999999999,0.645,0.0949999999999999,0.0949999999999999,-0.003
21,uniform,0.55,0.0259807621135331,1000,0.55,0.699,0.1489999999999999,0.1489999999999999,0.677,0.127,0.127,0.022
31,uniform,0.55,0.0259807621135331,1000,0.55,0.726,0.1759999999999999,0.1759999999999999,0.721,0.1709999999999999,0.1709999999999999,0.005
41,uniform,0.55,0.0259807621135331,1000,0.55,0.761,0.2109999999999999,0.2109999999999999,0.751,0.2009999999999999,0.2009999999999999,0.01
51,uniform,0.55,0.0259807621135331,1000,0.55,0.788,0.238,0.238,0.773,0.2229999999999999,0.2229999999999999,0.015
3,uniform,0.6,0.0548482755730144,1000,0.6,0.658,0.058,0.058,0.665,0.065,0.065,-0.007
5,uniform,0.6,0.0548482755730144,1000,0.6,0.676,0.076,0.076,0.661,0.061,0.061,0.015
7,uniform,0.6,0.0548482755730144,1000,0.6,0.72,0.12,0.12,0.695,0.0949999999999999,0.0949999999999999,0.025
9,uniform,0.6,0.0548482755730144,1000,0.6,0.75,0.15,0.15,0.737,0.137,0.137,0.013
11,uniform,0.6,0.0548482755730144,1000,0.6,0.784,0.184,0.184,0.747,0.147,0.147,0.037
21,uniform,0.6,0.0548482755730144,1000,0.6,0.856,0.256,0.256,0.826,0.2259999999999999,0.2259999999999999,0.03
31,uniform,0.6,0.0548482755730144,1000,0.6,0.909,0.309,0.309,0.866,0.266,0.266,0.043
41,uniform,0.6,0.0548482755730144,1000,0.6,0.929,0.329,0.329,0.91,0.31,0.31,0.019
51,uniform,0.6,0.0548482755730144,1000,0.6,0.947,0.347,0.347,0.913,0.313,0.313,0.034
3,uniform,0.66,0.0837157890324957,1000,0.66,0.767,0.1069999999999999,0.1069999999999999,0.738,0.0779999999999999,0.0779999999999999,0.029
5,uniform,0.66,0.0837157890324957,1000,0.66,0.794,0.134,0.134,0.773,0.1129999999999999,0.1129999999999999,0.021
7,uniform,0.66,0.0837157890324957,1000,0.66,0.836,0.1759999999999999,0.1759999999999999,0.803,0.143,0.143,0.033
9,uniform,0.66,0.0837157890324957,1000,0.66,0.872,0.2119999999999999,0.2119999999999999,0.848,0.1879999999999999,0.1879999999999999,0.024
11,uniform,0.66,0.0837157890324957,1000,0.66,0.89,0.2299999999999999,0.2299999999999999,0.86,0.1999999999999999,0.1999999999999999,0.03
21,uniform,0.66,0.0837157890324957,1000,0.66,0.962,0.3019999999999999,0.3019999999999999,0.946,0.2859999999999999,0.2859999999999999,0.016
31,uniform,0.66,0.0837157890324957,1000,0.66,0.984,0.3239999999999999,0.3239999999999999,0.974,0.3139999999999999,0.3139999999999999,0.01
41,uniform,0.66,0.0837157890324957,1000,0.66,0.994,0.3339999999999999,0.3339999999999999,0.984,0.3239999999999999,0.3239999999999999,0.01
51,uniform,0.66,0.0837157890324957,1000,0.66,0.997,0.3369999999999999,0.3369999999999999,0.991,0.3309999999999999,0.3309999999999999,0.006
3,uniform,0.7,0.112583302491977,1000,0.7,0.817,0.1169999999999999,0.1169999999999999,0.781,0.081,0.081,0.036
5,uniform,0.7,0.112583302491977,1000,0.7,0.876,0.176,0.176,0.842,0.142,0.142,0.034
7,uniform,0.7,0.112583302491977,1000,0.7,0.912,0.212,0.212,0.876,0.176,0.176,0.036
9,uniform,0.7,0.112583302491977,1000,0.7,0.938,0.238,0.238,0.909,0.209,0.209,0.029
11,uniform,0.7,0.112583302491977,1000,0.7,0.954,0.254,0.254,0.92,0.22,0.22,0.034
21,uniform,0.7,0.112583302491977,1000,0.7,0.989,0.289,0.289,0.974,0.274,0.274,0.015
31,uniform,0.7,0.112583302491977,1000,0.7,0.999,0.299,0.299,0.992,0.292,0.292,0.007
41,uniform,0.7,0.112583302491977,1000,0.7,0.999,0.299,0.299,0.996,0.296,0.296,0.003
51,uniform,0.7,0.112583302491977,1000,0.7,1.0,0.3,0.3,0.998,0.298,0.298,0.002
3,uniform,0.75,0.1385640646055101,1000,0.75,0.89,0.14,0.14,0.858,0.1079999999999999,0.1079999999999999,0.032
5,uniform,0.75,0.1385640646055101,1000,0.75,0.939,0.1889999999999999,0.1889999999999999,0.905,0.155,0.155,0.034
7,uniform,0.75,0.1385640646055101,1000,0.75,0.966,0.2159999999999999,0.2159999999999999,0.93,0.18,0.18,0.036
3,uniform,0.55,0.0259807621135331,1000,0.55,0.584,0.0339999999999999,0.0339999999999999,0.579,0.0289999999999999,0.0289999999999999,0.005
5,uniform,0.55,0.0259807621135331,1000,0.55,0.623,0.0729999999999999,0.0729999999999999,0.612,0.0619999999999999,0.0619999999999999,0.011
7,uniform,0.55,0.0259807621135331,1000,0.55,0.603,0.0529999999999999,0.0529999999999999,0.592,0.0419999999999999,0.0419999999999999,0.011
9,uniform,0.55,0.0259807621135331,1000,0.55,0.633,0.0829999999999999,0.0829999999999999,0.641,0.0909999999999999,0.0909999999999999,-0.008
11,uniform,0.55,0.0259807621135331,1000,0.55,0.648,0.0979999999999999,0.0979999999999999,0.656,0.1059999999999999,0.1059999999999999,-0.008
21,uniform,0.55,0.0259807621135331,1000,0.55,0.711,0.1609999999999999,0.1609999999999999,0.691,0.1409999999999999,0.1409999999999999,0.02
31,uniform,0.55,0.0259807621135331,1000,0.55,0.731,0.1809999999999999,0.1809999999999999,0.721,0.1709999999999999,0.1709999999999999,0.01
41,uniform,0.55,0.0259807621135331,1000,0.55,0.754,0.2039999999999999,0.2039999999999999,0.742,0.1919999999999999,0.1919999999999999,0.012
51,uniform,0.55,0.0259807621135331,1000,0.55,0.806,0.256,0.256,0.77,0.2199999999999999,0.2199999999999999,0.036
3,uniform,0.6,0.0548482755730144,1000,0.6,0.664,0.064,0.064,0.643,0.043,0.043,0.021
5,uniform,0.6,0.0548482755730144,1000,0.6,0.709,0.1089999999999999,0.1089999999999999,0.695,0.0949999999999999,0.0949999999999999,0.014
7,uniform,0.6,0.0548482755730144,1000,0.6,0.717,0.1169999999999999,0.1169999999999999,0.724,0.124,0.124,-0.007
9,uniform,0.6,0.0548482755730144,1000,0.6,0.761,0.161,0.161,0.736,0.136,0.136,0.025
11,uniform,0.6,0.0548482755730144,1000,0.6,0.76,0.16,0.16,0.731,0.131,0.131,0.029
21,uniform,0.6,0.0548482755730144,1000,0.6,0.851,0.251,0.251,0.836,0.236,0.236,0.015
31,uniform,0.6,0.0548482755730144,1000,0.6,0.892,0.292,0.292,0.866,0.266,0.266,0.026
41,uniform,0.6,0.0548482755730144,1000,0.6,0.929,0.329,0.329,0.904,0.304,0.304,0.025
51,uniform,0.6,0.0548482755730144,1000,0.6,0.937,0.3370000000000001,0.3370000000000001,0.898,0.298,0.298,0.039
3,uniform,0.66,0.0837157890324957,1000,0.66,0.742,0.0819999999999999,0.0819999999999999,0.723,0.0629999999999999,0.0629999999999999,0.019
5,uniform,0.66,0.0837157890324957,1000,0.66,0.793,0.133,0.133,0.791,0.131,0.131,0.002
7,uniform,0.66,0.0837157890324957,1000,0.66,0.842,0.1819999999999999,0.1819999999999999,0.81,0.15,0.15,0.032
9,uniform,0.66,0.0837157890324957,1000,0.66,0.881,0.2209999999999999,0.2209999999999999,0.86,0.1999999999999999,0.1999999999999999,0.021
11,uniform,0.66,0.0837157890324957,1000,0.66,0.891,0.2309999999999999,0.2309999999999999,0.864,0.2039999999999999,0.2039999999999999,0.027
21,uniform,0.66,0.0837157890324957,1000,0.66,0.958,0.2979999999999999,0.2979999999999999,0.938,0.2779999999999999,0.2779999999999999,0.02
31,uniform,0.66,0.0837157890324957,1000,0.66,0.978,0.3179999999999999,0.3179999999999999,0.963,0.3029999999999999,0.3029999999999999,0.015
41,uniform,0.66,0.0837157890324957,1000,0.66,0.996,0.3359999999999999,0.3359999999999999,0.99,0.3299999999999999,0.3299999999999999,0.006
51,uniform,0.66,0.0837157890324957,1000,0.66,0.998,0.3379999999999999,0.3379999999999999,0.99,0.3299999999999999,0.3299999999999999,0.008
3,uniform,0.7,0.112583302491977,1000,0.7,0.82,0.12,0.12,0.805,0.1050000000000001,0.1050000000000001,0.015
5,uniform,0.7,0.112583302491977,1000,0.7,0.874,0.174,0.174,0.841,0.141,0.141,0.033
7,uniform,0.7,0.112583302491977,1000,0.7,0.929,0.2290000000000001,0.2290000000000001,0.881,0.181,0.181,0.048
9,uniform,0.7,0.112583302491977,1000,0.7,0.942,0.242,0.242,0.898,0.198,0.198,0.044
11,uniform,0.7,0.112583302491977,1000,0.7,0.956,0.256,0.256,0.931,0.2310000000000001,0.2310000000000001,0.025
21,uniform,0.7,0.112583302491977,1000,0.7,0.986,0.286,0.286,0.966,0.266,0.266,0.02
31,uniform,0.7,0.112583302491977,1000,0.7,0.999,0.299,0.299,0.992,0.292,0.292,0.007
41,uniform,0.7,0.112583302491977,1000,0.7,0.999,0.299,0.299,0.997,0.297,0.297,0.002
51,uniform,0.7,0.112583302491977,1000,0.7,1.0,0.3,0.3,0.999,0.299,0.299,0.001
3,uniform,0.75,0.1385640646055101,1000,0.75,0.892,0.142,0.142,0.848,0.0979999999999999,0.0979999999999999,0.044
5,uniform,0.75,0.1385640646055101,1000,0.75,0.934,0.184,0.184,0.886,0.136,0.136,0.048
7,uniform,0.75,0.1385640646055101,1000,0.75,0.953,0.2029999999999999,0.2029999999999999,0.922,0.172,0.172,0.031
9,uniform,0.75,0.1385640646055101,1000,0.75,0.992,0.242,0.242,0.954,0.2039999999999999,0.2039999999999999,0.038
11,uniform,0.75,0.1385640646055101,1000,0.75,0.979,0.2289999999999999,0.2289999999999999,0.96,0.2099999999999999,0.2099999999999999,0.019
21,uniform,0.75,0.1385640646055101,1000,0.75,1.0,0.25,0.25,0.994,0.244,0.244,0.006
31,uniform,0.75,0.1385640646055101,1000,0.75,1.0,0.25,0.25,0.999,0.249,0.249,0.001
41,uniform,0.75,0.1385640646055101,1000,0.75,1.0,0.25,0.25,1.0,0.25,0.25,0.0
51,uniform,0.75,0.1385640646055101,1000,0.75,1.0,0.25,0.25,1.0,0.25,0.25,0.0
3,uniform,0.65,0.0288675134594812,1000,0.65,0.71,0.0599999999999999,0.0599999999999999,0.71,0.0599999999999999,0.0599999999999999,0.0
5,uniform,0.65,0.0288675134594812,1000,0.65,0.755,0.1049999999999999,0.1049999999999999,0.755,0.1049999999999999,0.1049999999999999,0.0
7,uniform,0.65,0.0288675134594812,1000,0.65,0.797,0.147,0.147,0.799,0.149,0.149,-0.002
9,uniform,0.65,0.0288675134594812,1000,0.65,0.821,0.1709999999999999,0.1709999999999999,0.82,0.1699999999999999,0.1699999999999999,0.001
11,uniform,0.65,0.0288675134594812,1000,0.65,0.831,0.1809999999999999,0.1809999999999999,0.824,0.1739999999999999,0.1739999999999999,0.007
21,uniform,0.65,0.0288675134594812,1000,0.65,0.93,0.28,0.28,0.929,0.279,0.279,0.001
31,uniform,0.65,0.0288675134594812,1000,0.65,0.955,0.3049999999999999,0.3049999999999999,0.954,0.3039999999999999,0.3039999999999999,0.001
41,uniform,0.65,0.0288675134594812,1000,0.65,0.984,0.3339999999999999,0.3339999999999999,0.984,0.3339999999999999,0.3339999999999999,0.0
51,uniform,0.65,0.0288675134594812,1000,0.65,0.987,0.3369999999999999,0.3369999999999999,0.986,0.3359999999999999,0.3359999999999999,0.001
3,uniform,0.75,0.0866025403784438,1000,0.75,0.834,0.0839999999999999,0.0839999999999999,0.836,0.0859999999999999,0.0859999999999999,-0.002
5,uniform,0.75,0.0866025403784438,1000,0.75,0.923,0.173,0.173,0.913,0.163,0.163,0.01
7,uniform,0.75,0.0866025403784438,1000,0.75,0.94,0.1899999999999999,0.1899999999999999,0.926,0.176,0.176,0.014
9,uniform,0.75,0.0866025403784438,1000,0.75,0.966,0.2159999999999999,0.2159999999999999,0.957,0.2069999999999999,0.2069999999999999,0.009
11,uniform,0.75,0.0866025403784438,1000,0.75,0.977,0.2269999999999999,0.2269999999999999,0.969,0.2189999999999999,0.2189999999999999,0.008
21,uniform,0.75,0.0866025403784438,1000,0.75,1.0,0.25,0.25,0.997,0.247,0.247,0.003
31,uniform,0.75,0.0866025403784438,1000,0.75,1.0,0.25,0.25,0.999,0.249,0.249,0.001
41,uniform,0.75,0.0866025403784438,1000,0.75,1.0,0.25,0.25,1.0,0.25,0.25,0.0
51,uniform,0.75,0.0866025403784438,1000,0.75,1.0,0.25,0.25,1.0,0.25,0.25,0.0
3,uniform,0.8,0.112583302491977,1000,0.8,0.927,0.127,0.127,0.897,0.0969999999999999,0.0969999999999999,0.03
5,uniform,0.8,0.112583302491977,1000,0.8,0.953,0.1529999999999999,0.1529999999999999,0.942,0.1419999999999999,0.1419999999999999,0.011
7,uniform,0.8,0.112583302491977,1000,0.8,0.99,0.1899999999999999,0.1899999999999999,0.975,0.1749999999999999,0.1749999999999999,0.015
9,uniform,0.8,0.112583302491977,1000,0.8,0.988,0.1879999999999999,0.1879999999999999,0.977,0.1769999999999999,0.1769999999999999,0.011
11,uniform,0.8,0.112583302491977,1000,0.8,0.999,0.1989999999999999,0.1989999999999999,0.987,0.1869999999999999,0.1869999999999999,0.012
21,uniform,0.8,0.112583302491977,1000,0.8,1.0,0.1999999999999999,0.1999999999999999,1.0,0.1999999999999999,0.1999999999999999,0.0
31,uniform,0.8,0.112583302491977,1000,0.8,1.0,0.1999999999999999,0.1999999999999999,1.0,0.1999999999999999,0.1999999999999999,0.0
41,uniform,0.8,0.112583302491977,1000,0.8,1.0,0.1999999999999999,0.1999999999999999,1.0,0.1999999999999999,0.1999999999999999,0.0
51,uniform,0.8,0.112583302491977,1000,0.8,1.0,0.1999999999999999,0.1999999999999999,1.0,0.1999999999999999,0.1999999999999999,0.0
3,uniform,0.75,0.0288675134594813,1000,0.75,0.831,0.0809999999999999,0.0809999999999999,0.831,0.0809999999999999,0.0809999999999999,0.0
5,uniform,0.75,0.0288675134594813,1000,0.75,0.902,0.152,0.152,0.902,0.152,0.152,0.0
7,uniform,0.75,0.0288675134594813,1000,0.75,0.937,0.187,0.187,0.938,0.1879999999999999,0.1879999999999999,-0.001
9,uniform,0.75,0.0288675134594813,1000,0.75,0.955,0.2049999999999999,0.2049999999999999,0.955,0.2049999999999999,0.2049999999999999,0.0
11,uniform,0.75,0.0288675134594813,1000,0.75,0.957,0.2069999999999999,0.2069999999999999,0.957,0.2069999999999999,0.2069999999999999,0.0
21,uniform,0.75,0.0288675134594813,1000,0.75,0.995,0.245,0.245,0.995,0.245,0.245,0.0
31,uniform,0.75,0.0288675134594813,1000,0.75,0.999,0.249,0.249,0.998,0.248,0.248,0.001
41,uniform,0.75,0.0288675134594813,1000,0.75,1.0,0.25,0.25,1.0,0.25,0.25,0.0
51,uniform,0.75,0.0288675134594813,1000,0.75,1.0,0.25,0.25,1.0,0.25,0.25,0.0
3,uniform,0.84,0.0837157890324957,1000,0.84,0.935,0.095,0.095,0.932,0.092,0.092,0.003
5,uniform,0.84,0.0837157890324957,1000,0.84,0.979,0.139,0.139,0.973,0.133,0.133,0.006
7,uniform,0.84,0.0837157890324957,1000,0.84,0.992,0.152,0.152,0.987,0.147,0.147,0.005
9,uniform,0.84,0.0837157890324957,1000,0.84,0.998,0.158,0.158,0.994,0.154,0.154,0.004
11,uniform,0.84,0.0837157890324957,1000,0.84,0.998,0.158,0.158,0.996,0.156,0.156,0.002
21,uniform,0.84,0.0837157890324957,1000,0.84,1.0,0.16,0.16,0.999,0.159,0.159,0.001
31,uniform,0.84,0.0837157890324957,1000,0.84,1.0,0.16,0.16,1.0,0.16,0.16,0.0
41,uniform,0.84,0.0837157890324957,1000,0.84,1.0,0.16,0.16,1.0,0.16,0.16,0.0
51,uniform,0.84,0.0837157890324957,1000,0.84,1.0,0.16,0.16,1.0,0.16,0.16,0.0
3,uniform,0.85,0.0288675134594812,1000,0.85,0.937,0.087,0.087,0.937,0.087,0.087,0.0
5,uniform,0.85,0.0288675134594812,1000,0.85,0.97,0.12,0.12,0.97,0.12,0.12,0.0
7,uniform,0.85,0.0288675134594812,1000,0.85,0.981,0.131,0.131,0.981,0.131,0.131,0.0
9,uniform,0.85,0.0288675134594812,1000,0.85,0.995,0.145,0.145,0.995,0.145,0.145,0.0
11,uniform,0.85,0.0288675134594812,1000,0.85,0.998,0.148,0.148,0.998,0.148,0.148,0.0
21,uniform,0.85,0.0288675134594812,1000,0.85,1.0,0.15,0.15,1.0,0.15,0.15,0.0
31,uniform,0.85,0.0288675134594812,1000,0.85,1.0,0.15,0.15,1.0,0.15,0.15,0.0
41,uniform,0.85,0.0288675134594812,1000,0.85,1.0,0.15,0.15,1.0,0.15,0.15,0.0
51,uniform,0.85,0.0288675134594812,1000,0.85,1.0,0.15,0.15,1.0,0.15,0.15,0.0
3,uniform,0.9,0.0548482755730144,1000,0.9,0.97,0.0699999999999999,0.0699999999999999,0.967,0.0669999999999999,0.0669999999999999,0.003
5,uniform,0.9,0.0548482755730144,1000,0.9,0.994,0.0939999999999999,0.0939999999999999,0.991,0.0909999999999999,0.0909999999999999,0.003
7,uniform,0.9,0.0548482755730144,1000,0.9,0.999,0.0989999999999999,0.0989999999999999,0.999,0.0989999999999999,0.0989999999999999,0.0
9,uniform,0.9,0.0548482755730144,1000,0.9,0.999,0.0989999999999999,0.0989999999999999,0.998,0.0979999999999999,0.0979999999999999,0.001
11,uniform,0.9,0.0548482755730144,1000,0.9,1.0,0.0999999999999999,0.0999999999999999,1.0,0.0999999999999999,0.0999999999999999,0.0
21,uniform,0.9,0.0548482755730144,1000,0.9,1.0,0.0999999999999999,0.0999999999999999,1.0,0.0999999999999999,0.0999999999999999,0.0
31,uniform,0.9,0.0548482755730144,1000,0.9,1.0,0.0999999999999999,0.0999999999999999,1.0,0.0999999999999999,0.0999999999999999,0.0
41,uniform,0.9,0.0548482755730144,1000,0.9,1.0,0.0999999999999999,0.0999999999999999,1.0,0.0999999999999999,0.0999999999999999,0.0
51,uniform,0.9,0.0548482755730144,1000,0.9,1.0,0.0999999999999999,0.0999999999999999,1.0,0.0999999999999999,0.0999999999999999,0.0
3,uniform,0.94,0.0259807621135331,1000,0.94,0.987,0.047,0.047,0.987,0.047,0.047,0.0
5,uniform,0.94,0.0259807621135331,1000,0.94,0.999,0.059,0.059,0.999,0.059,0.059,0.0
7,uniform,0.94,0.0259807621135331,1000,0.94,1.0,0.06,0.06,1.0,0.06,0.06,0.0
9,uniform,0.94,0.0259807621135331,1000,0.94,1.0,0.06,0.06,1.0,0.06,0.06,0.0
11,uniform,0.94,0.0259807621135331,1000,0.94,1.0,0.06,0.06,1.0,0.06,0.06,0.0
21,uniform,0.94,0.0259807621135331,1000,0.94,1.0,0.06,0.06,1.0,0.06,0.06,0.0
31,uniform,0.94,0.0259807621135331,1000,0.94,1.0,0.06,0.06,1.0,0.06,0.06,0.0
41,uniform,0.94,0.0259807621135331,1000,0.94,1.0,0.06,0.06,1.0,0.06,0.06,0.0
51,uniform,0.94,0.0259807621135331,1000,0.94,1.0,0.06,0.06,1.0,0.06,0.06,0.0
3,uniform,0.55,0.025980762113533153,1000,0.55,0.603,0.052999999999999936,0.052999999999999936,0.582,0.03199999999999992,0.03199999999999992,0.021
5,uniform,0.55,0.025980762113533153,1000,0.55,0.613,0.06299999999999994,0.06299999999999994,0.584,0.03399999999999992,0.03399999999999992,0.029
7,uniform,0.55,0.025980762113533153,1000,0.55,0.589,0.038999999999999924,0.038999999999999924,0.581,0.030999999999999917,0.030999999999999917,0.008
9,uniform,0.55,0.025980762113533153,1000,0.55,0.631,0.08099999999999996,0.08099999999999996,0.626,0.07599999999999996,0.07599999999999996,0.005
11,uniform,0.55,0.025980762113533153,1000,0.55,0.631,0.08099999999999996,0.08099999999999996,0.604,0.05399999999999994,0.05399999999999994,0.027
21,uniform,0.55,0.025980762113533153,1000,0.55,0.69,0.1399999999999999,0.1399999999999999,0.68,0.13,0.13,0.01
31,uniform,0.55,0.025980762113533153,1000,0.55,0.74,0.18999999999999995,0.18999999999999995,0.718,0.16799999999999993,0.16799999999999993,0.022
41,uniform,0.55,0.025980762113533153,1000,0.55,0.75,0.19999999999999996,0.19999999999999996,0.723,0.17299999999999993,0.17299999999999993,0.027
51,uniform,0.55,0.025980762113533153,1000,0.55,0.799,0.249,0.249,0.764,0.21399999999999997,0.21399999999999997,0.035
3,uniform,0.6,0.054848275573014436,1000,0.6,0.655,0.05500000000000005,0.05500000000000005,0.651,0.051000000000000045,0.051000000000000045,0.004
5,uniform,0.6,0.054848275573014436,1000,0.6,0.691,0.09099999999999997,0.09099999999999997,0.691,0.09099999999999997,0.09099999999999997,0.0
7,uniform,0.6,0.054848275573014436,1000,0.6,0.726,0.126,0.126,0.711,0.11099999999999999,0.11099999999999999,0.015
9,uniform,0.6,0.054848275573014436,1000,0.6,0.759,0.15900000000000003,0.15900000000000003,0.733,0.133,0.133,0.026
11,uniform,0.6,0.054848275573014436,1000,0.6,0.786,0.18600000000000005,0.18600000000000005,0.75,0.15000000000000002,0.15000000000000002,0.036
21,uniform,0.6,0.054848275573014436,1000,0.6,0.839,0.239,0.239,0.806,0.20600000000000007,0.20600000000000007,0.033
31,uniform,0.6,0.054848275573014436,1000,0.6,0.896,0.29600000000000004,0.29600000000000004,0.87,0.27,0.27,0.026
41,uniform,0.6,0.054848275573014436,1000,0.6,0.924,0.32400000000000007,0.32400000000000007,0.9,0.30000000000000004,0.30000000000000004,0.024
51,uniform,0.6,0.054848275573014436,1000,0.6,0.948,0.348,0.348,0.927,0.32700000000000007,0.32700000000000007,0.021
3,uniform,0.66,0.08371578903249575,1000,0.66,0.747,0.08699999999999997,0.08699999999999997,0.739,0.07899999999999996,0.07899999999999996,0.008
5,uniform,0.66,0.08371578903249575,1000,0.66,0.822,0.16199999999999992,0.16199999999999992,0.787,0.127,0.127,0.035
7,uniform,0.66,0.08371578903249575,1000,0.66,0.835,0.17499999999999993,0.17499999999999993,0.819,0.15899999999999992,0.15899999999999992,0.016
9,uniform,0.66,0.08371578903249575,1000,0.66,0.883,0.22299999999999998,0.22299999999999998,0.853,0.19299999999999995,0.19299999999999995,0.03
11,uniform,0.66,0.08371578903249575,1000,0.66,0.906,0.246,0.246,0.875,0.21499999999999997,0.21499999999999997,0.031
21,uniform,0.66,0.08371578903249575,1000,0.66,0.963,0.30299999999999994,0.30299999999999994,0.944,0.2839999999999999,0.2839999999999999,0.019
31,uniform,0.66,0.08371578903249575,1000,0.66,0.98,0.31999999999999995,0.31999999999999995,0.965,0.30499999999999994,0.30499999999999994,0.015
41,uniform,0.66,0.08371578903249575,1000,0.66,0.992,0.33199999999999996,0.33199999999999996,0.984,0.32399999999999995,0.32399999999999995,0.008
51,uniform,0.66,0.08371578903249575,1000,0.66,0.996,0.33599999999999997,0.33599999999999997,0.991,0.33099999999999996,0.33099999999999996,0.005
3,uniform,0.7,0.11258330249197704,1000,0.7,0.801,0.10100000000000009,0.10100000000000009,0.786,0.08600000000000008,0.08600000000000008,0.015
5,uniform,0.7,0.11258330249197704,1000,0.7,0.863,0.16300000000000003,0.16300000000000003,0.814,0.11399999999999999,0.11399999999999999,0.049
7,uniform,0.7,0.11258330249197704,1000,0.7,0.915,0.21500000000000008,0.21500000000000008,0.87,0.17000000000000004,0.17000000000000004,0.045
9,uniform,0.7,0.11258330249197704,1000,0.7,0.935,0.2350000000000001,0.2350000000000001,0.903,0.20300000000000007,0.20300000000000007,0.032
11,uniform,0.7,0.11258330249197704,1000,0.7,0.957,0.257,0.257,0.925,0.2250000000000001,0.2250000000000001,0.032
21,uniform,0.7,0.11258330249197704,1000,0.7,0.988,0.28800000000000003,0.28800000000000003,0.972,0.272,0.272,0.016
31,uniform,0.7,0.11258330249197704,1000,0.7,0.999,0.29900000000000004,0.29900000000000004,0.987,0.28700000000000003,0.28700000000000003,0.012
41,uniform,0.7,0.11258330249197704,1000,0.7,0.998,0.29800000000000004,0.29800000000000004,0.991,0.29100000000000004,0.29100000000000004,0.007
51,uniform,0.7,0.11258330249197704,1000,0.7,1.0,0.30000000000000004,0.30000000000000004,0.999,0.29900000000000004,0.29900000000000004,0.001
3,uniform,0.75,0.13856406460551018,1000,0.75,0.883,0.133,0.133,0.85,0.09999999999999998,0.09999999999999998,0.033
5,uniform,0.75,0.13856406460551018,1000,0.75,0.932,0.18200000000000005,0.18200000000000005,0.892,0.14200000000000002,0.14200000000000002,0.04
7,uniform,0.75,0.13856406460551018,1000,0.75,0.968,0.21799999999999997,0.21799999999999997,0.927,0.17700000000000005,0.17700000000000005,0.041
9,uniform,0.75,0.13856406460551018,1000,0.75,0.976,0.22599999999999998,0.22599999999999998,0.945,0.19499999999999995,0.19499999999999995,0.031
11,uniform,0.75,0.13856406460551018,1000,0.75,0.987,0.237,0.237,0.958,0.20799999999999996,0.20799999999999996,0.029
21,uniform,0.75,0.13856406460551018,1000,0.75,0.997,0.247,0.247,0.988,0.238,0.238,0.009
31,uniform,0.75,0.13856406460551018,1000,0.75,1.0,0.25,0.25,0.996,0.246,0.246,0.004
41,uniform,0.75,0.13856406460551018,1000,0.75,1.0,0.25,0.25,0.999,0.249,0.249,0.001
51,uniform,0.75,0.13856406460551018,1000,0.75,1.0,0.25,0.25,1.0,0.25,0.25,0.0
3,uniform,0.65,0.028867513459481284,1000,0.65,0.687,0.03700000000000003,0.03700000000000003,0.687,0.03700000000000003,0.03700000000000003,0.0
5,uniform,0.65,0.028867513459481284,1000,0.65,0.756,0.10599999999999998,0.10599999999999998,0.756,0.10599999999999998,0.10599999999999998,0.0
7,uniform,0.65,0.028867513459481284,1000,0.65,0.826,0.17599999999999993,0.17599999999999993,0.828,0.17799999999999994,0.17799999999999994,-0.002
9,uniform,0.65,0.028867513459481284,1000,0.65,0.839,0.18899999999999995,0.18899999999999995,0.835,0.18499999999999994,0.18499999999999994,0.004
11,uniform,0.65,0.028867513459481284,1000,0.65,0.843,0.19299999999999995,0.19299999999999995,0.836,0.18599999999999994,0.18599999999999994,0.007
21,uniform,0.65,0.028867513459481284,1000,0.65,0.933,0.28300000000000003,0.28300000000000003,0.928,0.278,0.278,0.005
31,uniform,0.65,0.028867513459481284,1000,0.65,0.971,0.32099999999999995,0.32099999999999995,0.97,0.31999999999999995,0.31999999999999995,0.001
41,uniform,0.65,0.028867513459481284,1000,0.65,0.975,0.32499999999999996,0.32499999999999996,0.97,0.31999999999999995,0.31999999999999995,0.005
51,uniform,0.65,0.028867513459481284,1000,0.65,0.981,0.33099999999999996,0.33099999999999996,0.98,0.32999999999999996,0.32999999999999996,0.001
3,uniform,0.75,0.08660254037844388,1000,0.75,0.851,0.10099999999999998,0.10099999999999998,0.842,0.09199999999999997,0.09199999999999997,0.009
5,uniform,0.75,0.08660254037844388,1000,0.75,0.923,0.17300000000000004,0.17300000000000004,0.906,0.15600000000000003,0.15600000000000003,0.017
7,uniform,0.75,0.08660254037844388,1000,0.75,0.94,0.18999999999999995,0.18999999999999995,0.92,0.17000000000000004,0.17000000000000004,0.02
9,uniform,0.75,0.08660254037844388,1000,0.75,0.959,0.20899999999999996,0.20899999999999996,0.947,0.19699999999999995,0.19699999999999995,0.012
11,uniform,0.75,0.08660254037844388,1000,0.75,0.972,0.22199999999999998,0.22199999999999998,0.966,0.21599999999999997,0.21599999999999997,0.006
21,uniform,0.75,0.08660254037844388,1000,0.75,0.994,0.244,0.244,0.989,0.239,0.239,0.005
31,uniform,0.75,0.08660254037844388,1000,0.75,1.0,0.25,0.25,1.0,0.25,0.25,0.0
41,uniform,0.75,0.08660254037844388,1000,0.75,1.0,0.25,0.25,1.0,0.25,0.25,0.0
51,uniform,0.75,0.08660254037844388,1000,0.75,1.0,0.25,0.25,1.0,0.25,0.25,0.0
3,uniform,0.8,0.11258330249197704,1000,0.8,0.914,0.11399999999999999,0.11399999999999999,0.891,0.09099999999999997,0.09099999999999997,0.023
5,uniform,0.8,0.11258330249197704,1000,0.8,0.959,0.15899999999999992,0.15899999999999992,0.939,0.1389999999999999,0.1389999999999999,0.02
7,uniform,0.8,0.11258330249197704,1000,0.8,0.978,0.17799999999999994,0.17799999999999994,0.951,0.1509999999999999,0.1509999999999999,0.027
9,uniform,0.8,0.11258330249197704,1000,0.8,0.99,0.18999999999999995,0.18999999999999995,0.985,0.18499999999999994,0.18499999999999994,0.005
11,uniform,0.8,0.11258330249197704,1000,0.8,0.997,0.19699999999999995,0.19699999999999995,0.992,0.19199999999999995,0.19199999999999995,0.005
21,uniform,0.8,0.11258330249197704,1000,0.8,0.999,0.19899999999999995,0.19899999999999995,0.999,0.19899999999999995,0.19899999999999995,0.0
31,uniform,0.8,0.11258330249197704,1000,0.8,1.0,0.19999999999999996,0.19999999999999996,1.0,0.19999999999999996,0.19999999999999996,0.0
41,uniform,0.8,0.11258330249197704,1000,0.8,1.0,0.19999999999999996,0.19999999999999996,1.0,0.19999999999999996,0.19999999999999996,0.0
51,uniform,0.8,0.11258330249197704,1000,0.8,1.0,0.19999999999999996,0.19999999999999996,1.0,0.19999999999999996,0.19999999999999996,0.0
3,uniform,0.75,0.028867513459481315,1000,0.75,0.852,0.10199999999999998,0.10199999999999998,0.852,0.10199999999999998,0.10199999999999998,0.0
5,uniform,0.75,0.028867513459481315,1000,0.75,0.899,0.14900000000000002,0.14900000000000002,0.899,0.14900000000000002,0.14900000000000002,0.0
7,uniform,0.75,0.028867513459481315,1000,0.75,0.946,0.19599999999999995,0.19599999999999995,0.946,0.19599999999999995,0.19599999999999995,0.0
9,uniform,0.75,0.028867513459481315,1000,0.75,0.942,0.19199999999999995,0.19199999999999995,0.943,0.19299999999999995,0.19299999999999995,-0.001
11,uniform,0.75,0.028867513459481315,1000,0.75,0.968,0.21799999999999997,0.21799999999999997,0.968,0.21799999999999997,0.21799999999999997,0.0
21,uniform,0.75,0.028867513459481315,1000,0.75,0.994,0.244,0.244,0.994,0.244,0.244,0.0
31,uniform,0.75,0.028867513459481315,1000,0.75,0.998,0.248,0.248,0.997,0.247,0.247,0.001
41,uniform,0.75,0.028867513459481315,1000,0.75,0.999,0.249,0.249,0.999,0.249,0.249,0.0
51,uniform,0.75,0.028867513459481315,1000,0.75,1.0,0.25,0.25,1.0,0.25,0.25,0.0
3,uniform,0.84,0.08371578903249575,1000,0.84,0.937,0.09700000000000009,0.09700000000000009,0.922,0.08200000000000007,0.08200000000000007,0.015
5,uniform,0.84,0.08371578903249575,1000,0.84,0.97,0.13,0.13,0.968,0.128,0.128,0.002
7,uniform,0.84,0.08371578903249575,1000,0.84,0.991,0.15100000000000002,0.15100000000000002,0.984,0.14400000000000002,0.14400000000000002,0.007
9,uniform,0.84,0.08371578903249575,1000,0.84,0.992,0.15200000000000002,0.15200000000000002,0.991,0.15100000000000002,0.15100000000000002,0.001
11,uniform,0.84,0.08371578903249575,1000,0.84,0.998,0.15800000000000003,0.15800000000000003,0.994,0.15400000000000003,0.15400000000000003,0.004
21,uniform,0.84,0.08371578903249575,1000,0.84,1.0,0.16000000000000003,0.16000000000000003,1.0,0.16000000000000003,0.16000000000000003,0.0
31,uniform,0.84,0.08371578903249575,1000,0.84,1.0,0.16000000000000003,0.16000000000000003,1.0,0.16000000000000003,0.16000000000000003,0.0
41,uniform,0.84,0.08371578903249575,1000,0.84,1.0,0.16000000000000003,0.16000000000000003,1.0,0.16000000000000003,0.16000000000000003,0.0
51,uniform,0.84,0.08371578903249575,1000,0.84,1.0,0.16000000000000003,0.16000000000000003,1.0,0.16000000000000003,0.16000000000000003,0.0
3,uniform,0.85,0.028867513459481284,1000,0.85,0.946,0.09599999999999997,0.09599999999999997,0.946,0.09599999999999997,0.09599999999999997,0.0
5,uniform,0.85,0.028867513459481284,1000,0.85,0.968,0.118,0.118,0.968,0.118,0.118,0.0
7,uniform,0.85,0.028867513459481284,1000,0.85,0.985,0.135,0.135,0.985,0.135,0.135,0.0
9,uniform,0.85,0.028867513459481284,1000,0.85,0.987,0.137,0.137,0.986,0.136,0.136,0.001
11,uniform,0.85,0.028867513459481284,1000,0.85,0.999,0.14900000000000002,0.14900000000000002,0.999,0.14900000000000002,0.14900000000000002,0.0
21,uniform,0.85,0.028867513459481284,1000,0.85,1.0,0.15000000000000002,0.15000000000000002,1.0,0.15000000000000002,0.15000000000000002,0.0
31,uniform,0.85,0.028867513459481284,1000,0.85,1.0,0.15000000000000002,0.15000000000000002,1.0,0.15000000000000002,0.15000000000000002,0.0
41,uniform,0.85,0.028867513459481284,1000,0.85,1.0,0.15000000000000002,0.15000000000000002,1.0,0.15000000000000002,0.15000000000000002,0.0
51,uniform,0.85,0.028867513459481284,1000,0.85,1.0,0.15000000000000002,0.15000000000000002,1.0,0.15000000000000002,0.15000000000000002,0.0
3,uniform,0.9,0.054848275573014436,1000,0.9,0.961,0.06099999999999994,0.06099999999999994,0.964,0.06399999999999995,0.06399999999999995,-0.003
5,uniform,0.9,0.054848275573014436,1000,0.9,0.994,0.09399999999999997,0.09399999999999997,0.994,0.09399999999999997,0.09399999999999997,0.0
7,uniform,0.9,0.054848275573014436,1000,0.9,0.998,0.09799999999999998,0.09799999999999998,0.997,0.09699999999999998,0.09699999999999998,0.001
9,uniform,0.9,0.054848275573014436,1000,0.9,0.999,0.09899999999999998,0.09899999999999998,0.999,0.09899999999999998,0.09899999999999998,0.0
11,uniform,0.9,0.054848275573014436,1000,0.9,1.0,0.09999999999999998,0.09999999999999998,1.0,0.09999999999999998,0.09999999999999998,0.0
21,uniform,0.9,0.054848275573014436,1000,0.9,1.0,0.09999999999999998,0.09999999999999998,1.0,0.09999999999999998,0.09999999999999998,0.0
31,uniform,0.9,0.054848275573014436,1000,0.9,1.0,0.09999999999999998,0.09999999999999998,1.0,0.09999999999999998,0.09999999999999998,0.0
41,uniform,0.9,0.054848275573014436,1000,0.9,1.0,0.09999999999999998,0.09999999999999998,1.0,0.09999999999999998,0.09999999999999998,0.0
51,uniform,0.9,0.054848275573014436,1000,0.9,1.0,0.09999999999999998,0.09999999999999998,1.0,0.09999999999999998,0.09999999999999998,0.0
3,uniform,0.94,0.025980762113533153,1000,0.94,0.989,0.049000000000000044,0.049000000000000044,0.989,0.049000000000000044,0.049000000000000044,0.0
5,uniform,0.94,0.025980762113533153,1000,0.94,0.996,0.05600000000000005,0.05600000000000005,0.996,0.05600000000000005,0.05600000000000005,0.0
7,uniform,0.94,0.025980762113533153,1000,0.94,1.0,0.06000000000000005,0.06000000000000005,1.0,0.06000000000000005,0.06000000000000005,0.0
9,uniform,0.94,0.025980762113533153,1000,0.94,1.0,0.06000000000000005,0.06000000000000005,1.0,0.06000000000000005,0.06000000000000005,0.0
11,uniform,0.94,0.025980762113533153,1000,0.94,1.0,0.06000000000000005,0.06000000000000005,1.0,0.06000000000000005,0.06000000000000005,0.0
21,uniform,0.94,0.025980762113533153,1000,0.94,1.0,0.06000000000000005,0.06000000000000005,1.0,0.06000000000000005,0.06000000000000005,0.0
31,uniform,0.94,0.025980762113533153,1000,0.94,1.0,0.06000000000000005,0.06000000000000005,1.0,0.06000000000000005,0.06000000000000005,0.0
41,uniform,0.94,0.025980762113533153,1000,0.94,1.0,0.06000000000000005,0.06000000000000005,1.0,0.06000000000000005,0.06000000000000005,0.0
51,uniform,0.94,0.025980762113533153,1000,0.94,1.0,0.06000000000000005,0.06000000000000005,1.0,0.06000000000000005,0.06000000000000005,0.0
